player;team;appearances;average_rating;fantasy_average;goals;goals_conceded;penalties;penalties_saved;assists;yellow_cards;red_cards;season
Retegui;ATA;36;6.43;8.6;25;0;4 / 5;0;7;2;0;2024-25
Venturino;GEN;3;0.65;0.85;2;0;0 / 0;0;0;0;0;2024-25
Orsolini;BOL;29;6.41;8.07;15;0;3 / 3;0;4;2;0;2024-25
Kean;FIO;32;6.38;8.03;19;0;1 / 2;0;2;6;0;2024-25
Lookman;ATA;31;6.44;7.95;15;0;1 / 1;0;4;4;0;2024-25
Ondrejka;PAR;10;6.45;7.95;5;0;0 / 0;0;0;0;0;2024-25
Diao;COM;14;6.46;7.89;7;0;0 / 0;0;0;2;0;2024-25
Thuram;INT;32;6.23;7.66;14;0;0 / 0;0;4;1;0;2024-25
McTominay;NAP;34;6.54;7.65;12;0;0 / 0;0;3;3;0;2024-25
Kolo Muani;JUV;16;6.06;7.62;8;0;1 / 1;0;1;0;0;2024-25
Martinez L.;INT;31;6.31;7.55;12;0;0 / 0;0;3;1;0;2024-25
Saelemaekers;ROM;22;6.57;7.55;7;0;0 / 0;0;3;5;0;2024-25
Pulisic;MIL;34;6.38;7.49;11;0;3 / 4;0;8;1;0;2024-25
Lukaku;NAP;36;6.19;7.47;14;0;3 / 4;0;9;4;0;2024-25
Zapata D.;TOR;7;6.21;7.43;3;0;0 / 0;0;0;1;0;2024-25
Dybala;ROM;22;6.48;7.39;6;0;3 / 3;0;3;2;0;2024-25
Ndoye;BOL;30;6.47;7.33;8;0;2 / 2;0;4;4;0;2024-25
Vlahovic;JUV;25;6.04;0.73;10;0;4 / 4;0;3;3;0;2024-25
Raspadori;NAP;19;6.32;7.29;6;0;0 / 0;0;1;1;0;2024-25
Pedro;LAZ;28;6.21;7.27;10;0;2 / 2;0;1;3;0;2024-25
Reijnders;MIL;37;6.41;7.27;10;0;0 / 0;0;4;2;1;2024-25
Dovbyk;ROM;32;6.08;7.27;12;0;2 / 2;0;2;0;0;2024-25
Leao;MIL;34;6.38;7.25;8;0;0 / 0;0;8;5;0;2024-25
Arnautovic;INT;13;6.19;7.23;4;0;0 / 0;0;2;2;0;2024-25
Castellanos;LAZ;29;6.34;7.21;10;0;2 / 3;0;3;7;1;2024-25
Kvaratskhelia;NAP;17;6.18;7.21;5;0;1 / 1;0;3;1;0;2024-25
Elmas;TOR;13;6.27;7.19;4;0;0 / 0;0;0;0;0;2024-25
Iling Junior;BOL;3;6.17;7.17;1;0;0 / 0;0;0;0;0;2024-25
Cornet;GEN;6;0.6;7.17;2;0;0 / 0;0;1;0;0;2024-25
Paz N.;COM;33;6.53;7.11;6;0;0 / 1;0;7;6;0;2024-25
Gudmundsson A.;FIO;22;6.25;7.07;6;0;2 / 2;0;1;2;0;2024-25
Yildiz;JUV;34;6.4;7.07;7;0;0 / 0;0;4;2;1;2024-25
Zaccagni;LAZ;34;6.26;0.7;8;0;2 / 2;0;6;10;0;2024-25
Thauvin;UDI;25;6.16;0.7;8;0;1 / 3;0;3;0;0;2024-25
Soule';ROM;24;6.19;6.96;5;0;0 / 0;0;5;3;0;2024-25
Adli;FIO;22;6.18;6.93;4;0;0 / 0;0;6;1;1;2024-25
Mbangula;JUV;15;6.13;6.93;3;0;0 / 0;0;3;1;0;2024-25
Lucca;UDI;33;5.97;6.91;12;0;1 / 1;0;0;10;0;2024-25
Gabrielloni;COM;5;0.62;0.69;1;0;0 / 0;0;1;1;0;2024-25
Piccoli;CAG;37;6.14;6.89;10;0;1 / 1;0;1;6;0;2024-25
Dumfries;INT;29;6.16;6.88;7;0;0 / 0;0;2;4;0;2024-25
Lambourde;VER;4;6.12;6.88;1;0;0 / 0;0;0;1;0;2024-25
Sulemana I.;ATA;7;6.07;6.86;2;0;0 / 0;0;0;1;0;2024-25
Dimarco;INT;32;6.31;6.86;4;0;0 / 0;0;7;3;0;2024-25
De Ketelaere;ATA;36;6.14;6.85;7;0;0 / 0;0;5;1;0;2024-25
Esposito Se.;EMP;33;6.21;6.83;8;0;1 / 2;0;0;1;0;2024-25
Calhanoglu;INT;29;6.29;6.83;5;0;3 / 4;0;6;5;0;2024-25
Brenner;UDI;6;0.6;6.83;1;0;0 / 0;0;2;0;0;2024-25
Krstovic;LEC;37;5.93;6.8;11;0;2 / 3;0;5;6;0;2024-25
Pellegri;EMP;10;6.05;0.68;3;0;0 / 0;0;0;3;0;2024-25
Dia;LAZ;35;5.94;0.68;9;0;0 / 0;0;4;2;0;2024-25
Zambo Anguissa;NAP;35;6.23;6.79;6;0;0 / 0;0;4;5;0;2024-25
Shomurodov;ROM;21;6.12;6.79;4;0;0 / 0;0;2;1;0;2024-25
Fazzini;EMP;20;6.22;6.78;4;0;0 / 0;0;1;2;1;2024-25
Morata;MIL;16;5.97;6.75;5;0;0 / 0;0;0;5;0;2024-25
Pellegrino M.;PAR;12;6.08;6.75;3;0;0 / 0;0;0;2;0;2024-25
Strefezza;COM;37;6.22;6.74;6;0;0 / 0;0;4;5;0;2024-25
Barella;INT;33;6.35;6.74;3;0;0 / 0;0;6;4;0;2024-25
Pohjanpalo;VEN;20;0.6;6.72;6;0;3 / 4;0;0;1;0;2024-25
Odgaard;BOL;28;6.02;6.71;6;0;0 / 0;0;2;1;0;2024-25
Frattesi;INT;26;6.1;6.71;5;0;0 / 0;0;1;1;0;2024-25
Paredes;ROM;21;6.33;6.71;3;0;2 / 2;0;1;4;0;2024-25
Neres;NAP;26;6.33;6.71;2;0;0 / 0;0;5;2;0;2024-25
Gimenez;MIL;12;5.83;6.71;5;0;0 / 1;0;1;3;1;2024-25
Castro S.;BOL;35;6.16;0.67;8;0;0 / 1;0;4;8;0;2024-25
Mandragora;FIO;28;6.23;6.68;4;0;1 / 1;0;4;7;0;2024-25
Dominguez B.;BOL;20;6.12;6.68;3;0;0 / 0;0;2;0;0;2024-25
Gigot;LAZ;11;6.23;6.68;2;0;0 / 0;0;0;2;0;2024-25
Carlos Augusto;INT;28;6.21;6.62;3;0;0 / 0;0;3;1;0;2024-25
Vlasic;TOR;30;6.02;6.62;5;0;2 / 2;0;3;0;0;2024-25
Adams C.;TOR;36;5.89;6.62;9;0;0 / 1;0;4;3;0;2024-25
Caqueret;COM;16;6.19;6.62;2;0;0 / 0;0;3;4;0;2024-25
Douvikas;COM;12;6.08;6.62;2;0;0 / 0;0;1;1;0;2024-25
Zortea;CAG;35;6.09;6.61;6;0;0 / 0;0;2;3;0;2024-25
Charpentier;PAR;9;6.11;6.61;1;0;0 / 0;0;2;1;0;2024-25
Man;PAR;31;6.08;6.6;4;0;0 / 0;0;4;0;0;2024-25
Asllani;INT;17;6.21;6.59;2;0;2 / 2;0;2;3;0;2024-25
Weah;JUV;27;6.06;6.59;5;0;0 / 0;0;1;4;0;2024-25
Maldini;ATA;29;6.05;6.59;6;0;0 / 0;0;0;5;0;2024-25
Anjorin;EMP;22;6.25;6.59;2;0;0 / 0;0;3;3;0;2024-25
Cutrone;COM;33;5.92;6.58;7;0;0 / 1;0;4;1;0;2024-25
Dele-Bashiru;LAZ;18;6.03;6.58;3;0;0 / 0;0;1;0;0;2024-25
Chukwueze;MIL;18;5.97;6.58;3;0;0 / 0;0;2;0;0;2024-25
Djuric;PAR;23;5.96;6.57;5;0;0 / 0;0;1;4;0;2024-25
Brescianini;ATA;22;5.95;6.57;4;0;0 / 0;0;2;1;0;2024-25
Pinamonti;GEN;36;5.85;6.57;10;0;0 / 1;0;1;4;0;2024-25
De Roon;ATA;36;6.18;6.56;4;0;0 / 0;0;4;5;0;2024-25
Ferguson;BOL;14;6.25;6.54;1;0;1 / 1;0;1;0;0;2024-25
Thuram K.;JUV;34;6.12;6.54;4;0;0 / 0;0;5;5;0;2024-25
Tengstedt;VER;25;5.82;6.54;6;0;1 / 1;0;1;2;0;2024-25
Bastoni;INT;33;6.41;6.53;1;0;0 / 0;0;4;4;1;2024-25
Angelino;ROM;38;6.36;6.53;2;0;0 / 0;0;1;1;0;2024-25
De Vrij;INT;24;6.19;6.52;3;0;0 / 0;0;0;2;0;2024-25
El Shaarawy;ROM;24;6.06;6.52;3;0;0 / 0;0;3;2;0;2024-25
Gosens;FIO;32;6.05;6.52;5;0;0 / 0;0;3;6;0;2024-25
Musso;ATA;1;0.65;0.65;0;0;0 / 0;0;0;0;0;2024-25
Zappacosta;ATA;30;6.08;0.65;4;0;0 / 0;0;2;3;0;2024-25
Padelli;UDI;1;0.65;0.65;0;0;0 / 0;0;0;0;0;2024-25
Da Cunha;COM;36;6.24;6.49;3;0;0 / 0;0;2;4;0;2024-25
Koopmeiners;JUV;28;6.07;6.48;3;0;0 / 0;0;4;3;0;2024-25
Conceicao;JUV;26;6.12;6.48;3;0;0 / 0;0;3;3;1;2024-25
Cambiaghi;BOL;17;6.12;6.47;1;0;0 / 0;0;3;0;0;2024-25
Solet;UDI;19;6.34;6.47;1;0;0 / 0;0;1;1;1;2024-25
Ederson D.s.;ATA;36;6.14;6.46;4;0;0 / 0;0;2;3;1;2024-25
Cambiaso;JUV;33;6.24;6.45;2;0;0 / 0;0;3;4;0;2024-25
Keita B.;MON;11;0.6;6.45;2;0;0 / 0;0;0;2;0;2024-25
Mazzitelli;COM;8;0.6;6.44;1;0;0 / 0;0;1;1;0;2024-25
Davis K.;UDI;18;6.11;6.44;2;0;0 / 0;0;1;2;0;2024-25
Bonny;PAR;37;5.95;6.43;6;0;2 / 3;0;4;2;0;2024-25
Cristante;ROM;29;6.05;6.43;4;0;0 / 0;0;3;8;0;2024-25
Billing;NAP;7;6.07;6.43;1;0;0 / 0;0;0;1;0;2024-25
Dallinga;BOL;25;0.6;6.42;3;0;0 / 0;0;2;1;0;2024-25
Beltran L.;FIO;32;6.02;6.42;5;0;2 / 3;0;4;6;0;2024-25
Bisseck;INT;26;6.08;6.42;3;0;0 / 0;0;2;4;0;2024-25
Bernabe';PAR;20;6.25;6.42;1;0;0 / 0;0;1;1;0;2024-25
Joao Felix;MIL;13;6.08;6.42;2;0;0 / 0;0;0;3;0;2024-25
Gonzalez N.;JUV;23;0.6;6.41;3;0;0 / 0;0;2;3;0;2024-25
Tavares N.;LAZ;23;6.2;6.41;0;0;0 / 0;0;7;2;1;2024-25
Buongiorno;NAP;22;6.32;6.41;1;0;0 / 0;0;0;2;0;2024-25
Mancini;ROM;37;6.32;6.41;2;0;0 / 0;0;1;8;0;2024-25
Correa;INT;17;6.03;6.41;2;0;0 / 0;0;2;3;0;2024-25
Cataldi;FIO;25;6.06;0.64;3;0;0 / 0;0;0;1;0;2024-25
Jovic;MIL;14;0.6;6.39;2;0;0 / 0;0;0;1;0;2024-25
Kabasele;UDI;16;0.6;6.38;2;0;0 / 0;0;0;0;0;2024-25
Zielinski;INT;22;6.05;6.36;2;0;2 / 2;0;1;0;0;2024-25
Nicolussi Caviglia;VEN;35;6.03;6.36;4;0;0 / 0;0;3;5;1;2024-25
Kone' M.;ROM;33;6.24;6.36;2;0;0 / 0;0;1;6;0;2024-25
Di Lorenzo;NAP;37;6.14;6.35;3;0;0 / 0;0;2;6;0;2024-25
Harroui;VER;10;0.59;6.35;1;0;0 / 0;0;2;1;0;2024-25
Mosquera;VER;33;5.92;6.35;5;0;0 / 0;0;1;4;0;2024-25
Politano;NAP;37;6.03;6.34;3;0;0 / 0;0;4;3;0;2024-25
Gaetano;CAG;28;5.98;6.34;2;0;0 / 0;0;4;0;0;2024-25
Dodo';FIO;35;0.63;6.33;0;0;0 / 0;0;5;8;0;2024-25
Bremer;JUV;6;6.42;6.33;0;0;0 / 0;0;0;1;0;2024-25
Marin;CAG;30;6.02;6.32;3;0;2 / 2;0;2;4;0;2024-25
Pavoletti;CAG;16;6.06;6.31;2;0;0 / 0;0;0;5;0;2024-25
Belotti;COM;13;5.88;6.31;2;0;0 / 0;0;0;1;0;2024-25
Darmian;INT;26;6.02;6.31;3;0;0 / 0;0;2;3;0;2024-25
Vecino;LAZ;18;5.97;6.31;2;0;0 / 0;0;3;7;0;2024-25
Perez K.;VEN;16;6.19;6.31;1;0;0 / 0;0;1;4;0;2024-25
Miretti;GEN;25;5.86;0.63;3;0;0 / 0;0;3;2;0;2024-25
Fabbian;BOL;24;5.94;6.29;3;0;0 / 0;0;0;2;0;2024-25
Pobega;BOL;21;6.1;6.29;2;0;0 / 0;0;2;4;2;2024-25
Bove;FIO;12;0.6;6.29;1;0;0 / 0;0;2;3;0;2024-25
Bellanova;ATA;35;6.07;6.29;0;0;0 / 0;0;9;3;0;2024-25
Martin;GEN;36;6.12;6.28;0;0;0 / 0;0;8;5;0;2024-25
Noslin;LAZ;20;5.92;6.28;2;0;0 / 0;0;2;2;0;2024-25
Valeri;PAR;34;5.97;6.28;2;0;1 / 1;0;5;1;0;2024-25
Hernani;PAR;25;5.94;6.28;3;0;3 / 3;0;3;7;0;2024-25
Samardzic;ATA;30;6.13;6.28;2;0;0 / 0;0;0;3;0;2024-25
Gatti;JUV;28;6.2;6.27;1;0;0 / 0;0;0;2;0;2024-25
Locatelli;JUV;35;6.19;6.26;2;0;1 / 1;0;1;9;0;2024-25
Delprato;PAR;34;6.09;6.26;4;2;0 / 0;0;0;8;0;2024-25
Oristanio;VEN;37;5.97;6.26;3;0;0 / 0;0;3;3;0;2024-25
Hysaj;LAZ;8;0.6;6.25;0;0;0 / 0;0;3;0;1;2024-25
Rrahmani;NAP;38;6.22;6.25;1;0;0 / 0;0;1;2;0;2024-25
Perez N.;UDI;2;6.25;6.25;0;0;0 / 0;0;0;0;0;2024-25
Andersen M.K.;VEN;14;0.6;6.25;1;0;0 / 0;0;1;1;0;2024-25
Fila;VEN;10;0.58;6.25;2;0;0 / 0;0;0;1;1;2024-25
Vitinha O.;GEN;23;5.89;6.24;2;0;0 / 0;0;3;2;0;2024-25
McKennie;JUV;31;0.6;6.24;2;0;0 / 0;0;3;3;0;2024-25
Hernandez T.;MIL;33;5.97;6.24;4;0;0 / 1;0;3;4;1;2024-25
Zalewski;INT;19;6.05;6.24;1;0;0 / 0;0;2;3;0;2024-25
Mota;MON;31;5.76;6.23;5;0;0 / 0;0;1;3;0;2024-25
Pavlovic;MIL;22;6.02;6.23;2;0;0 / 0;0;1;3;1;2024-25
Miranda J.;BOL;29;6.12;6.22;0;0;0 / 0;0;6;4;1;2024-25
Parisi;FIO;20;0.6;6.22;2;0;0 / 0;0;0;3;0;2024-25
Malinovskyi;GEN;9;6.11;6.22;0;0;0 / 0;0;2;2;0;2024-25
Engelhardt;COM;18;6.08;6.22;1;0;0 / 0;0;1;3;0;2024-25
Holm;BOL;17;6.03;6.21;1;0;0 / 0;0;1;3;0;2024-25
Lykogiannis;BOL;17;6.06;6.21;0;0;0 / 0;0;4;3;0;2024-25
Vasquez;GEN;36;6.08;6.21;3;0;0 / 0;0;0;9;0;2024-25
Tete Morente;LEC;31;5.94;6.21;3;0;0 / 0;0;2;5;0;2024-25
Colombo;EMP;36;5.72;6.21;6;0;1 / 1;0;2;3;1;2024-25
Hainaut;PAR;21;5.98;6.21;2;0;0 / 0;0;0;3;0;2024-25
Viti;EMP;30;6.15;0.62;1;0;0 / 0;0;0;3;0;2024-25
Acerbi;INT;22;6.16;6.2;0;0;0 / 0;0;1;0;0;2024-25
Caprari;MON;30;5.88;0.62;3;0;2 / 2;0;2;3;0;2024-25
Sohm;PAR;37;5.97;6.2;4;0;0 / 0;0;0;7;0;2024-25
Ruggeri;ATA;26;6.12;6.19;0;0;0 / 0;0;3;2;0;2024-25
Martinez Quarta;FIO;8;5.88;6.19;1;0;0 / 0;0;0;1;0;2024-25
Kalulu;JUV;29;6.16;6.19;1;0;0 / 0;0;0;2;1;2024-25
Abraham;MIL;24;5.79;6.19;3;0;1 / 2;0;4;1;0;2024-25
Ismajli;EMP;29;6.22;6.17;0;0;0 / 0;0;0;3;0;2024-25
Ebuehi;EMP;3;6.17;6.17;0;0;0 / 0;0;0;0;0;2024-25
Ikone';COM;24;5.94;6.17;2;0;0 / 0;0;0;1;0;2024-25
De Winter;GEN;24;5.92;6.17;3;0;0 / 0;0;0;6;0;2024-25
De Sciglio;EMP;12;5.92;6.17;1;0;0 / 0;0;0;0;0;2024-25
Dorgu;LEC;21;5.88;6.17;3;0;0 / 0;0;1;2;1;2024-25
Coman F.;CAG;9;5.94;6.17;1;0;0 / 0;0;0;2;0;2024-25
Salah-Eddine;ROM;3;5.83;6.17;0;0;0 / 0;0;1;0;0;2024-25
Isaksen;LAZ;37;5.88;6.16;4;0;0 / 0;0;1;5;0;2024-25
Baschirotto;LEC;38;6.04;6.16;2;0;0 / 0;0;0;3;0;2024-25
Simeone;NAP;19;5.97;6.16;1;0;0 / 0;0;1;1;0;2024-25
Bravo;UDI;22;5.95;6.16;2;0;0 / 0;0;0;3;0;2024-25
Zaniolo;FIO;20;5.98;6.15;2;0;0 / 0;0;1;6;1;2024-25
Fagioli;FIO;26;6.04;6.15;1;0;0 / 0;0;2;4;0;2024-25
Rensch;ROM;10;6.05;6.15;0;0;0 / 0;0;1;0;0;2024-25
Veiga R.;JUV;13;6.23;6.15;0;0;0 / 0;0;0;2;0;2024-25
Augello;CAG;37;5.99;6.14;0;0;0 / 0;0;7;3;0;2024-25
Ekuban;GEN;18;5.83;6.14;1;0;0 / 0;0;3;1;0;2024-25
Taremi;INT;21;5.93;6.14;1;0;1 / 1;0;2;1;0;2024-25
Marusic;LAZ;32;5.84;6.14;4;0;0 / 0;0;0;1;0;2024-25
Gabbia;MIL;25;5.98;6.14;2;0;0 / 0;0;0;4;0;2024-25
Ekkelenkamp;UDI;33;5.83;6.14;3;0;0 / 0;0;2;2;0;2024-25
Sensi;MON;11;5.86;6.14;1;0;1 / 1;0;0;0;0;2024-25
Pierotti;LEC;35;5.84;6.13;4;0;0 / 0;0;1;4;1;2024-25
Viola;CAG;25;5.76;6.12;3;0;0 / 0;0;1;2;0;2024-25
Gaspar K.;LEC;24;6.15;6.12;0;0;0 / 0;0;1;3;0;2024-25
Lazovic;VER;24;5.75;6.12;2;0;1 / 1;0;3;0;0;2024-25
Cuadrado;ATA;21;6.1;6.12;0;0;0 / 0;0;2;3;0;2024-25
Nelsson;ROM;4;6.12;6.12;0;0;0 / 0;0;0;0;0;2024-25
Sottil;MIL;22;5.95;6.11;1;0;0 / 0;0;1;1;0;2024-25
N'Dicka;ROM;38;6.13;6.11;0;0;0 / 0;0;0;2;0;2024-25
Ellertsson;VEN;35;5.91;6.11;2;0;0 / 0;0;2;2;0;2024-25
Sarr A.;VER;31;5.74;6.11;4;0;0 / 0;0;0;1;0;2024-25
Luvumbo;CAG;26;5.83;6.1;2;0;0 / 0;0;2;2;0;2024-25
Pellegrini Lu.;LAZ;20;6.08;0.61;0;0;0 / 0;0;3;5;0;2024-25
Masina;TOR;25;5.94;0.61;1;0;0 / 0;0;3;5;0;2024-25
Pisilli;ROM;25;5.96;0.61;2;0;0 / 0;0;1;7;0;2024-25
Fadera;COM;24;5.92;6.1;1;0;0 / 0;0;3;1;1;2024-25
Casadei;TOR;15;5.87;0.61;1;0;0 / 0;0;1;1;0;2024-25
Pasalic;ATA;34;5.87;6.09;3;0;0 / 1;0;2;1;0;2024-25
Mkhitaryan;INT;32;5.91;6.09;1;0;0 / 0;0;5;4;0;2024-25
Coco;TOR;32;6.12;6.09;2;0;0 / 0;0;0;10;0;2024-25
Ricci S.;TOR;34;6.12;6.09;1;0;0 / 0;0;1;8;1;2024-25
Fofana Y.;MIL;35;0.59;6.09;1;0;0 / 0;0;6;5;0;2024-25
Moro N.;BOL;19;6.05;6.08;0;0;0 / 0;0;1;1;0;2024-25
Lobotka;NAP;32;6.09;6.08;0;0;0 / 0;0;1;3;0;2024-25
Circati;PAR;6;6.17;6.08;0;0;0 / 0;0;0;1;0;2024-25
Gineitis;TOR;30;5.83;6.08;3;0;0 / 0;0;1;5;0;2024-25
Gytkjaer;VEN;19;5.76;6.08;2;0;1 / 1;0;0;0;0;2024-25
Ekhator;GEN;19;5.89;6.08;1;0;0 / 0;0;1;1;0;2024-25
Van Der Brempt;COM;18;6.11;6.08;0;0;0 / 0;0;1;3;0;2024-25
Frendrup;GEN;35;6.03;6.07;2;0;0 / 0;0;0;5;0;2024-25
Pavard;INT;23;6.11;6.07;0;0;0 / 0;0;1;4;0;2024-25
Cabal;JUV;7;6.14;6.07;0;0;0 / 0;0;0;1;0;2024-25
Baldanzi;ROM;22;5.93;6.07;1;0;0 / 0;0;1;2;0;2024-25
Bijol;UDI;34;6.18;6.07;1;0;0 / 0;0;2;11;1;2024-25
Erlic;BOL;7;6.07;6.07;0;0;0 / 0;0;0;0;0;2024-25
De Silvestri;BOL;16;5.91;6.06;1;0;0 / 0;0;0;1;0;2024-25
Helgason;LEC;17;5.82;6.06;0;0;0 / 0;0;4;0;0;2024-25
Perrone;COM;25;6.06;6.06;0;0;0 / 0;0;3;6;0;2024-25
Gilmour;NAP;17;0.6;6.06;0;0;0 / 0;0;1;0;0;2024-25
Masini;GEN;18;5.94;6.06;1;0;0 / 0;0;0;2;0;2024-25
Freuler;BOL;37;6.03;6.05;1;0;0 / 0;0;1;6;0;2024-25
Cacace;EMP;30;5.83;6.05;2;0;0 / 0;0;3;6;0;2024-25
Birindelli;MON;20;5.65;6.05;3;0;0 / 0;0;0;2;0;2024-25
Kolasinac;ATA;23;6.2;6.04;0;0;0 / 0;0;2;7;0;2024-25
Beukema;BOL;34;6.03;6.04;0;0;0 / 0;0;1;1;0;2024-25
Okafor;NAP;12;5.79;6.04;1;0;0 / 0;0;0;0;0;2024-25
Savona;JUV;27;5.91;6.04;2;0;0 / 0;0;0;5;0;2024-25
Rui Modesto;UDI;14;5.96;6.04;0;0;0 / 0;0;1;1;0;2024-25
Luperto;CAG;36;5.94;6.03;1;0;0 / 0;0;2;4;0;2024-25
Kamara H.;UDI;30;5.93;6.03;1;0;0 / 0;0;4;6;1;2024-25
Svoboda;VEN;16;5.88;6.03;1;0;0 / 0;0;0;1;0;2024-25
Sverko;VEN;16;5.94;6.03;1;0;0 / 0;0;0;3;0;2024-25
Deiola;CAG;26;5.87;6.02;2;0;0 / 0;0;1;6;0;2024-25
Biraghi;TOR;21;0.6;6.02;1;0;0 / 0;0;0;1;0;2024-25
Kouame';EMP;23;5.87;6.02;1;0;0 / 0;0;1;1;0;2024-25
Cancellieri;PAR;25;5.74;6.02;3;0;0 / 0;0;0;2;1;2024-25
Vojvoda;COM;27;5.94;6.02;1;0;0 / 0;0;2;6;0;2024-25
Guendouzi;LAZ;37;5.99;6.01;1;0;0 / 0;0;2;8;0;2024-25
Godfrey;ATA;1;0.6;0.6;0;0;0 / 0;0;0;0;0;2024-25
Bakker;ATA;1;0.6;0.6;0;0;0 / 0;0;0;0;0;2024-25
El Azzouzi;BOL;1;0.6;0.6;0;0;0 / 0;0;0;0;0;2024-25
Karlsson;LEC;17;5.74;0.6;2;0;1 / 1;0;0;3;0;2024-25
Felici;CAG;19;5.87;0.6;0;0;0 / 0;0;3;1;0;2024-25
Haas;EMP;7;6.07;0.6;0;0;0 / 0;0;0;1;0;2024-25
Ranieri L.;FIO;36;5.96;0.6;1;0;0 / 0;0;2;7;0;2024-25
Sommariva;GEN;1;0.7;0.6;0;1;0 / 0;0;0;0;0;2024-25
Marchwinski;LEC;1;0.6;0.6;0;0;0 / 0;0;0;0;0;2024-25
Burnete;LEC;1;0.6;0.6;0;0;0 / 0;0;0;0;0;2024-25
Forson O.;MON;8;0.6;0.6;0;0;0 / 0;0;0;0;0;2024-25
Spinazzola;NAP;23;5.85;0.6;1;0;0 / 0;0;1;1;0;2024-25
Cheddira;NAP;1;0.6;0.6;0;0;0 / 0;0;0;0;0;2024-25
Lovric;UDI;35;5.84;0.6;2;0;0 / 0;0;2;5;0;2024-25
Coppola D.;VER;33;5.94;0.6;2;0;0 / 0;0;1;10;0;2024-25
Serdar;VER;21;5.76;0.6;2;0;0 / 0;0;1;2;1;2024-25
Zurkowski;EMP;4;0.6;0.6;0;0;0 / 0;0;0;0;0;2024-25
Liberali;MIL;1;0.6;0.6;0;0;0 / 0;0;0;0;0;2024-25
Buchanan T.;INT;4;0.6;0.6;0;0;0 / 0;0;0;0;0;2024-25
Zerbin;VEN;18;5.89;0.6;1;0;0 / 0;0;1;4;0;2024-25
El Haddad;VEN;1;0.6;0.6;0;0;0 / 0;0;0;0;0;2024-25
Palestra;ATA;5;0.6;0.6;0;0;0 / 0;0;0;0;0;2024-25
Abdulhamid;ROM;4;5.75;0.6;0;0;0 / 0;0;1;0;0;2024-25
Haj Mohamed;PAR;12;5.92;0.6;1;0;0 / 0;0;0;4;0;2024-25
Ahanor;GEN;6;0.6;0.6;0;0;0 / 0;0;0;0;0;2024-25
Pereiro;GEN;2;0.6;0.6;0;0;0 / 0;0;0;0;0;2024-25
Pafundi;UDI;6;0.6;0.6;0;0;0 / 0;0;0;0;0;2024-25
Tiago Gabriel;LEC;2;0.6;0.6;0;0;0 / 0;0;0;0;0;2024-25
Kovalenko;EMP;3;0.6;0.6;0;0;0 / 0;0;0;0;0;2024-25
Cacciamani;TOR;1;0.6;0.6;0;0;0 / 0;0;0;0;0;2024-25
Djimsiti;ATA;33;5.97;5.98;1;0;0 / 0;0;2;6;0;2024-25
Comuzzo;FIO;30;5.97;5.98;1;0;0 / 0;0;0;5;0;2024-25
Badelj;GEN;22;5.91;5.98;1;0;0 / 0;0;0;3;0;2024-25
Lazaro;TOR;31;5.89;5.98;0;0;0 / 0;0;6;6;0;2024-25
Zemura;UDI;21;5.79;5.98;1;0;0 / 0;0;2;2;0;2024-25
Richardson;FIO;25;5.92;5.98;1;0;0 / 0;0;1;5;0;2024-25
Olivera;NAP;30;0.6;5.97;0;0;0 / 0;0;1;4;0;2024-25
Ilic;TOR;18;5.92;5.97;1;0;0 / 0;0;0;4;0;2024-25
Busio;VEN;32;5.84;5.97;2;0;0 / 0;0;0;4;0;2024-25
Candè;VEN;17;5.91;5.97;1;0;0 / 0;0;0;4;0;2024-25
Urbanski;MON;12;5.83;5.96;1;0;0 / 0;0;0;3;0;2024-25
Duda;VER;28;0.6;5.96;1;0;0 / 0;0;3;10;2;2024-25
Lucumi';BOL;32;6.08;5.95;0;0;0 / 0;0;1;8;1;2024-25
Mina;CAG;31;5.95;5.95;1;0;0 / 0;0;0;4;1;2024-25
Obert;CAG;19;5.84;5.95;1;0;0 / 0;0;1;4;0;2024-25
Valenti;PAR;20;5.95;5.95;1;0;0 / 0;0;0;4;1;2024-25
Haps;VEN;22;5.84;5.95;1;0;0 / 0;0;1;3;0;2024-25
Yeboah J.;VEN;30;5.88;5.95;1;0;0 / 0;0;2;6;0;2024-25
Sabelli;GEN;31;5.92;5.94;0;0;0 / 0;0;2;3;0;2024-25
Rovella;LAZ;33;6.05;5.94;0;0;0 / 0;0;3;13;0;2024-25
Ramadani;LEC;27;5.85;5.94;1;0;0 / 0;0;1;3;0;2024-25
Frese;VER;8;5.94;5.94;0;0;0 / 0;0;0;0;0;2024-25
Palomino;CAG;17;5.85;5.94;1;0;0 / 0;0;0;3;0;2024-25
Zappa;CAG;36;5.82;5.93;2;0;0 / 0;0;0;4;0;2024-25
Idzes;VEN;35;5.91;5.93;1;0;0 / 0;0;0;5;0;2024-25
Makoumbou;CAG;33;5.89;5.92;0;0;0 / 0;0;3;2;1;2024-25
Bani;GEN;20;5.98;5.92;0;0;0 / 0;0;0;3;0;2024-25
Romagnoli;LAZ;32;5.86;5.92;2;0;0 / 0;0;0;4;2;2024-25
Calabria;BOL;13;5.96;5.92;0;0;0 / 0;0;1;3;0;2024-25
Camarda;MIL;6;5.92;5.92;0;0;0 / 0;0;0;0;0;2024-25
Juan Jesus;NAP;13;5.92;5.92;0;0;0 / 0;0;1;2;0;2024-25
Sambia;EMP;12;5.92;5.92;0;0;0 / 0;0;0;0;0;2024-25
Hummels;ROM;13;6.12;5.92;0;0;0 / 0;0;0;1;0;2024-25
Dossena;COM;23;5.87;5.91;0;0;0 / 0;0;2;0;1;2024-25
Maripan;TOR;28;5.91;5.91;1;0;0 / 0;0;0;4;1;2024-25
Walker;MIL;11;5.95;5.91;0;0;0 / 0;0;0;1;0;2024-25
Mutandwa;CAG;5;0.59;0.59;0;0;0 / 0;0;0;0;0;2024-25
Colpani;FIO;24;5.67;5.9;2;0;0 / 0;0;0;1;0;2024-25
Payero;UDI;25;5.84;0.59;1;0;0 / 0;0;1;5;0;2024-25
Bjarkason;VEN;5;0.6;0.59;0;0;0 / 0;0;0;2;0;2024-25
Almqvist;PAR;26;5.85;5.9;1;0;0 / 0;0;1;5;0;2024-25
Berisha M.;LEC;15;0.6;0.59;0;0;0 / 0;0;1;5;0;2024-25
Rebic;LEC;20;5.88;0.59;1;0;0 / 0;0;0;3;1;2024-25
Tomori;MIL;19;5.95;5.89;0;0;0 / 0;0;1;2;1;2024-25
Celik;ROM;31;5.9;5.89;0;0;0 / 0;0;2;5;0;2024-25
Sanabria;TOR;22;5.75;5.89;2;0;0 / 1;0;1;2;0;2024-25
Zarraga;UDI;19;5.74;5.89;1;0;0 / 0;0;0;0;0;2024-25
Zanoli;GEN;30;5.83;5.88;1;0;0 / 0;0;0;3;0;2024-25
Camara D.;PAR;16;5.97;5.88;0;0;0 / 0;0;0;3;0;2024-25
Mihaila;PAR;20;5.78;5.88;0;0;0 / 0;0;3;2;0;2024-25
Sergi Roberto;COM;13;5.96;5.88;0;0;0 / 0;0;1;4;0;2024-25
Leoni;PAR;17;5.85;5.88;1;0;0 / 0;0;0;3;1;2024-25
Lovik;PAR;4;5.88;5.88;0;0;0 / 0;0;0;0;0;2024-25
Pezzella Giu.;EMP;35;5.86;5.87;0;0;0 / 0;0;4;7;0;2024-25
Kyriakopoulos;MON;34;5.71;5.87;2;0;0 / 0;0;4;5;0;2024-25
Kastanos;VER;26;5.83;5.87;1;0;0 / 0;0;0;4;0;2024-25
Kempf;COM;31;5.97;5.87;0;0;0 / 0;0;0;4;1;2024-25
Gila;LAZ;32;5.95;5.86;1;0;0 / 0;0;0;8;0;2024-25
Mari';FIO;32;5.95;5.86;0;0;0 / 0;0;0;4;1;2024-25
Balogh;PAR;29;5.91;5.86;0;0;0 / 0;0;1;5;0;2024-25
Jean;LEC;18;5.86;5.86;0;0;0 / 0;0;0;0;0;2024-25
Valle;COM;14;5.93;5.86;0;0;0 / 0;0;0;2;0;2024-25
Toloi;ATA;10;0.59;5.85;0;0;0 / 0;0;0;1;0;2024-25
Banda;LEC;13;5.81;5.85;0;0;0 / 0;0;1;1;0;2024-25
Ekong;EMP;10;5.85;5.85;0;0;0 / 0;0;0;1;0;2024-25
Veiga D.;LEC;10;5.85;5.85;0;0;0 / 0;0;0;0;0;2024-25
Messias;GEN;16;5.81;5.84;1;0;0 / 1;0;1;1;0;2024-25
Azzi;CAG;6;0.6;5.83;0;0;0 / 0;0;0;2;0;2024-25
Moreno Alb.;COM;23;5.91;5.83;0;0;0 / 0;0;0;4;0;2024-25
Marin R.;NAP;3;0.6;5.83;0;0;0 / 0;0;0;1;0;2024-25
Altare;VEN;12;6.08;5.83;0;0;0 / 0;0;0;2;0;2024-25
Zampano;VEN;23;5.72;5.83;1;0;0 / 0;0;2;5;0;2024-25
Abankwah;UDI;3;0.6;5.83;0;0;0 / 0;0;0;1;0;2024-25
Alidou;VER;3;5.83;5.83;0;0;0 / 0;0;0;0;0;2024-25
Moreno M.;FIO;3;5.83;5.83;0;0;0 / 0;0;0;0;0;2024-25
Melegoni;GEN;3;5.83;5.83;0;0;0 / 0;0;0;0;0;2024-25
Posch;ATA;14;5.86;5.82;0;0;0 / 0;0;0;1;0;2024-25
Kossounou;ATA;17;5.85;5.82;0;0;0 / 0;0;0;1;0;2024-25
Aebischer;BOL;13;5.88;5.81;0;0;0 / 0;0;0;2;0;2024-25
Adopo;CAG;35;5.77;5.81;1;0;0 / 0;0;1;3;1;2024-25
Gyasi;EMP;37;5.74;5.81;2;0;0 / 0;0;1;5;0;2024-25
Kaba;LEC;13;5.85;5.81;0;0;0 / 0;0;0;1;0;2024-25
Ciurria;MON;18;5.61;5.81;1;0;0 / 0;0;1;1;0;2024-25
Folorunsho;FIO;13;0.6;5.81;0;0;0 / 0;0;0;5;0;2024-25
Karlstrom;UDI;37;5.88;5.81;0;0;0 / 0;0;2;9;0;2024-25
Guilbert;LEC;31;5.89;5.81;0;0;0 / 0;0;1;3;2;2024-25
Alberto Costa;JUV;8;0.6;5.81;0;0;0 / 0;0;0;3;0;2024-25
Smolcic I.;COM;8;5.88;5.81;0;0;0 / 0;0;0;2;0;2024-25
Verdi;COM;5;0.59;0.58;0;0;0 / 0;0;0;1;0;2024-25
Martinez Jo.;INT;5;0.64;0.58;0;3;0 / 0;0;0;0;0;2024-25
Castrovilli;MON;15;0.58;0.58;0;0;0 / 0;0;0;0;0;2024-25
Pellegrini Lo.;ROM;25;0.56;0.58;2;0;1 / 1;0;1;4;0;2024-25
Kristensen T.;UDI;22;5.77;5.8;1;0;0 / 0;0;0;5;0;2024-25
Crnigoj;VEN;5;0.58;0.58;0;0;0 / 0;0;0;0;0;2024-25
Marianucci;EMP;15;5.87;0.58;0;0;0 / 0;0;0;0;1;2024-25
Estevez;PAR;12;5.88;5.79;0;0;0 / 0;0;0;2;0;2024-25
Benedyczak;PAR;7;5.79;5.79;0;0;0 / 0;0;0;0;0;2024-25
Bernede;VER;12;5.62;5.79;1;0;0 / 0;0;0;2;0;2024-25
Hien;ATA;29;5.95;5.78;0;0;0 / 0;0;0;10;0;2024-25
Douglas Luiz;JUV;16;5.84;5.78;0;0;0 / 0;0;0;2;0;2024-25
Tchaouna;LAZ;20;5.72;5.78;1;0;0 / 0;0;0;2;1;2024-25
Ehizibue;UDI;32;5.83;5.78;0;0;0 / 0;0;1;5;0;2024-25
Tchatchoua;VER;36;5.64;5.78;2;0;0 / 0;0;3;6;1;2024-25
Coulibaly L.;LEC;37;5.74;5.78;1;0;0 / 0;0;0;3;0;2024-25
Dembele' A.;TOR;9;5.56;5.78;1;0;0 / 0;0;0;0;1;2024-25
Goldaniga;COM;30;5.87;5.77;1;0;0 / 0;0;0;10;1;2024-25
Vogliacco;PAR;22;5.7;5.77;2;0;0 / 0;0;0;5;0;2024-25
Pessina;MON;11;5.86;5.77;0;0;0 / 0;0;0;2;0;2024-25
Lazzari;LAZ;23;5.78;5.76;0;0;0 / 0;0;1;3;0;2024-25
Sosa B.;TOR;19;5.76;5.76;0;0;0 / 0;0;0;0;0;2024-25
Karamoh;TOR;23;5.76;5.76;0;0;0 / 0;0;1;2;0;2024-25
Kone B.;COM;2;0.6;5.75;0;0;0 / 0;0;0;1;0;2024-25
Kayode;FIO;2;5.75;5.75;0;0;0 / 0;0;0;0;0;2024-25
Marcandalli;VEN;8;5.88;5.75;0;0;0 / 0;0;0;2;0;2024-25
Caldirola;MON;14;5.89;5.75;0;0;0 / 0;0;0;4;0;2024-25
Meret;NAP;34;6.37;5.75;0;25;0 / 0;2;0;0;0;2024-25
Dahl;ROM;2;5.75;5.75;0;0;0 / 0;0;0;0;0;2024-25
Pierini;VEN;2;5.75;5.75;0;0;0 / 0;0;0;0;0;2024-25
Faraoni;VER;6;5.75;5.75;0;0;0 / 0;0;0;0;0;2024-25
Belahyane;LAZ;28;5.82;5.75;0;0;0 / 0;0;2;4;2;2024-25
Rocha Livramento;VER;24;5.67;5.75;1;0;0 / 0;0;1;2;1;2024-25
Adzic;JUV;2;5.75;5.75;0;0;0 / 0;0;0;0;0;2024-25
Raimondo;VEN;2;5.75;5.75;0;0;0 / 0;0;0;0;0;2024-25
Sanchez;UDI;12;5.75;5.75;0;0;0 / 0;0;0;0;0;2024-25
Amrabat;FIO;2;5.75;5.75;0;0;0 / 0;0;0;0;0;2024-25
Pelmard;LEC;2;0.6;5.75;0;0;0 / 0;0;0;1;0;2024-25
Njie;TOR;10;0.58;5.75;0;0;0 / 0;0;0;1;0;2024-25
Jimenez A.;MIL;22;5.89;5.75;0;0;0 / 0;0;0;6;0;2024-25
Vlahovic V.;ATA;2;5.75;5.75;0;0;0 / 0;0;0;0;0;2024-25
Martins K.;MON;6;5.67;5.75;0;0;0 / 0;0;1;1;0;2024-25
Provstgaard;LAZ;2;0.6;5.75;0;0;0 / 0;0;0;1;0;2024-25
Kelly L.;JUV;12;5.79;5.75;0;0;0 / 0;0;0;1;0;2024-25
Henderson L.;EMP;35;5.77;5.74;0;0;0 / 0;0;4;10;0;2024-25
Lapadula;CAG;11;5.77;5.73;0;0;0 / 0;0;0;1;0;2024-25
Casale;BOL;15;5.83;5.73;0;0;0 / 0;0;1;1;0;2024-25
Pierret;LEC;30;5.77;5.73;0;0;0 / 0;0;0;2;0;2024-25
Maric;VEN;11;5.73;5.73;0;0;0 / 0;0;0;0;0;2024-25
Schingtienne;VEN;15;0.58;5.73;0;0;0 / 0;0;0;2;0;2024-25
Patric;LAZ;9;5.56;5.72;1;0;0 / 0;0;0;2;0;2024-25
Loftus-Cheek;MIL;18;5.81;5.72;0;0;0 / 0;0;0;3;0;2024-25
Bradaric;VER;27;5.72;5.72;1;0;0 / 0;0;0;6;0;2024-25
Walukiewicz;TOR;28;5.8;5.71;0;0;0 / 0;0;0;6;0;2024-25
Grassi;EMP;28;5.79;5.71;1;0;0 / 0;0;0;8;1;2024-25
Oudin;LEC;7;5.79;5.71;0;0;0 / 0;0;0;1;0;2024-25
Ngonge;NAP;7;5.79;5.71;0;0;0 / 0;0;0;2;0;2024-25
Valentini N.;VER;14;5.89;5.71;0;0;0 / 0;0;0;3;1;2024-25
N'Dri;LEC;7;5.71;5.71;0;0;0 / 0;0;0;0;0;2024-25
Prati;CAG;10;5.75;0.57;0;0;0 / 0;0;0;1;0;2024-25
Goglichidze;EMP;33;5.74;5.7;0;0;0 / 0;0;1;3;1;2024-25
Bianco;MON;35;5.74;0.57;1;0;0 / 0;0;0;9;0;2024-25
Perin;JUV;5;0.63;0.57;0;3;0 / 0;0;0;0;0;2024-25
Linetty;TOR;23;5.7;5.7;1;0;0 / 0;0;0;6;0;2024-25
Doumbia I.;VEN;20;0.57;0.57;0;0;0 / 0;0;0;0;0;2024-25
Rouhi;JUV;5;0.57;0.57;0;0;0 / 0;0;0;0;0;2024-25
Keita M.;PAR;28;5.77;5.7;0;0;0 / 0;0;1;4;1;2024-25
Pongracic;FIO;18;5.89;5.69;0;0;0 / 0;0;0;1;1;2024-25
Gallo;LEC;31;5.82;5.68;0;0;0 / 0;0;2;3;1;2024-25
Milinkovic-Savic V.;TOR;37;6.53;5.68;0;42;0 / 0;4;0;3;0;2024-25
Bohinen;GEN;3;5.67;5.67;0;0;0 / 0;0;0;0;0;2024-25
Rafia;LEC;18;5.78;5.67;0;0;0 / 0;0;0;4;0;2024-25
Musah;MIL;27;5.69;5.67;0;0;0 / 0;0;2;5;0;2024-25
Zeroli;MON;9;5.67;5.67;0;0;0 / 0;0;0;0;0;2024-25
Ghilardi;VER;24;5.85;5.67;0;0;0 / 0;0;0;7;1;2024-25
Balotelli;GEN;3;5.83;5.67;0;0;0 / 0;0;0;2;0;2024-25
Oyegoke;VER;3;5.83;5.67;0;0;0 / 0;0;0;1;0;2024-25
Iovine;COM;7;5.79;5.64;0;0;0 / 0;0;0;2;0;2024-25
Izzo;MON;29;5.71;5.64;1;0;0 / 0;0;1;12;0;2024-25
Gagliardini;MON;7;5.71;5.64;0;0;0 / 0;0;0;1;0;2024-25
Mazzocchi;NAP;11;5.68;5.64;0;0;0 / 0;0;0;2;0;2024-25
Norton-Cuffy;GEN;11;5.64;5.64;0;0;0 / 0;0;0;0;0;2024-25
Atta;UDI;25;5.74;5.64;0;0;0 / 0;0;0;5;0;2024-25
Onana J.;GEN;7;5.71;5.64;0;0;0 / 0;0;0;1;0;2024-25
Ndour;FIO;7;5.71;5.64;0;0;0 / 0;0;0;1;0;2024-25
Suslov;VER;31;5.71;5.63;0;0;0 / 0;0;1;5;1;2024-25
Carboni A.;MON;26;5.63;5.62;0;0;0 / 0;0;2;5;0;2024-25
Maleh;EMP;22;5.68;5.61;0;0;0 / 0;0;1;3;1;2024-25
Thiaw;MIL;22;5.93;5.61;0;0;0 / 0;0;0;2;0;2024-25
Tameze;TOR;15;5.67;0.56;0;0;0 / 0;0;0;3;0;2024-25
Carboni F.;VEN;5;0.58;0.56;0;0;0 / 0;0;0;2;0;2024-25
Matturro;GEN;12;5.67;5.58;0;0;0 / 0;0;0;2;0;2024-25
Vignato S.;MON;13;5.58;5.58;0;0;0 / 0;0;0;0;0;2024-25
Le Fee;ROM;6;5.67;5.58;0;0;0 / 0;0;0;1;0;2024-25
Giannetti L.;UDI;13;5.81;5.58;1;0;0 / 0;0;0;4;0;2024-25
Pedersen;TOR;24;5.65;5.58;0;0;0 / 0;0;0;3;0;2024-25
Gourna-Douath;ROM;6;5.75;5.58;0;0;0 / 0;0;0;2;0;2024-25
Bondo;MIL;23;5.7;5.57;0;0;0 / 0;0;0;4;1;2024-25
Magnani;VER;14;5.43;5.57;1;0;0 / 0;0;0;2;0;2024-25
Daniliuc;VER;15;5.57;5.57;0;0;0 / 0;0;0;0;0;2024-25
Solbakken;EMP;18;5.61;5.56;0;0;0 / 0;0;0;2;0;2024-25
Duncan;VEN;14;5.61;5.54;0;0;0 / 0;0;0;2;0;2024-25
Thorsby;GEN;30;5.65;5.53;0;0;0 / 0;0;1;5;0;2024-25
Pereira P.;MON;34;5.53;5.53;1;0;0 / 0;0;2;10;0;2024-25
Wieteska;CAG;5;0.56;0.55;0;0;0 / 0;0;0;1;0;2024-25
Barba;COM;6;0.55;0.55;0;0;0 / 0;0;0;0;0;2024-25
Sala M.;LEC;7;5.71;0.55;0;0;0 / 0;0;0;3;0;2024-25
Baselli;COM;1;0.55;0.55;0;0;0 / 0;0;0;0;0;2024-25
Barak;FIO;1;0.55;0.55;0;0;0 / 0;0;0;0;0;2024-25
Ankeye;GEN;1;0.55;0.55;0;0;0 / 0;0;0;0;0;2024-25
Terracciano F.;MIL;8;5.62;0.55;0;0;0 / 0;0;0;3;0;2024-25
Bennacer;MIL;6;5.67;0.55;0;0;0 / 0;0;0;2;0;2024-25
D'Ambrosio;MON;17;5.62;0.55;0;0;0 / 0;0;0;2;1;2024-25
Valoti;MON;1;0.6;0.55;0;0;0 / 0;0;0;1;0;2024-25
Cyprien;PAR;2;0.55;0.55;0;0;0 / 0;0;0;0;0;2024-25
Bonifazi;LEC;2;0.55;0.55;0;0;0 / 0;0;0;0;0;2024-25
Kasa;GEN;3;0.55;0.55;0;0;0 / 0;0;0;0;0;2024-25
Jack;COM;2;5.75;0.55;0;0;0 / 0;0;0;1;0;2024-25
Brorsson;MON;5;0.55;0.55;0;0;0 / 0;0;0;0;0;2024-25
Perciun;TOR;2;0.55;0.55;0;0;0 / 0;0;0;0;0;2024-25
Emerson Royal;MIL;17;5.62;5.47;0;0;0 / 0;0;0;5;0;2024-25
Svilar;ROM;38;6.39;5.46;0;35;0 / 0;0;0;1;0;2024-25
Toure' I.s.;UDI;11;5.64;5.45;1;0;0 / 0;0;0;2;2;2024-25
Niasse;VER;11;5.64;5.45;0;0;0 / 0;0;0;4;0;2024-25
Mandas;LAZ;9;6.22;5.44;0;7;0 / 0;0;0;0;0;2024-25
Petagna;MON;8;0.55;5.44;0;0;0 / 0;0;0;1;0;2024-25
Dani Silva;VER;7;0.55;5.43;0;0;0 / 0;0;0;1;0;2024-25
Ganvoula;MON;7;5.43;5.43;0;0;0 / 0;0;0;0;0;2024-25
Dawidowicz;VER;25;0.56;5.42;0;0;0 / 0;0;0;7;1;2024-25
Coulibaly W.;PAR;14;5.57;5.39;0;0;0 / 0;0;1;1;1;2024-25
De Gea;FIO;35;0.63;5.37;0;38;0 / 0;2;0;1;0;2024-25
Carnesecchi;ATA;34;6.37;5.35;0;34;0 / 0;0;0;1;0;2024-25
Sommer;INT;33;6.23;5.35;0;32;0 / 0;1;0;0;0;2024-25
Stankovic F.;VEN;16;6.62;5.34;0;23;0 / 0;1;0;1;0;2024-25
Terracciano;FIO;3;6.33;5.33;0;3;0 / 0;0;0;0;0;2024-25
Cerri;COM;3;5.33;5.33;0;0;0 / 0;0;0;0;0;2024-25
Rui Patricio;ATA;3;6.33;5.33;0;3;0 / 0;0;0;0;0;2024-25
Condè;VEN;3;0.55;5.33;0;0;0 / 0;0;0;2;0;2024-25
Danilo;JUV;8;5.31;5.31;0;0;0 / 0;0;1;2;0;2024-25
Palacios T.;MON;8;5.44;5.31;0;0;0 / 0;0;0;2;0;2024-25
Maignan;MIL;37;6.32;5.28;0;41;0 / 0;1;0;1;0;2024-25
Caprile;CAG;22;6.32;5.27;0;23;0 / 0;0;0;0;0;2024-25
Akpa Akpro;MON;14;5.39;5.25;0;0;0 / 0;0;0;4;0;2024-25
Gendrey;LEC;2;5.25;5.25;0;0;0 / 0;0;0;0;0;2024-25
Ebosse;UDI;2;0.55;5.25;0;0;0 / 0;0;0;1;0;2024-25
Candela;VEN;14;5.46;5.25;0;0;0 / 0;0;0;2;0;2024-25
Perilli;VER;2;6.25;5.25;0;2;0 / 0;0;0;0;0;2024-25
Siegrist;GEN;2;6.25;5.25;0;2;0 / 0;0;0;0;0;2024-25
Butez;COM;18;6.22;5.22;0;18;0 / 0;0;0;0;0;2024-25
Osorio;PAR;3;5.17;5.17;0;0;0 / 0;0;0;0;0;2024-25
Sagrado;VEN;3;5.33;5.17;0;0;0 / 0;0;0;1;0;2024-25
Di Gregorio;JUV;33;6.12;5.15;0;32;0 / 0;0;0;0;0;2024-25
Hermoso;ROM;5;0.53;0.51;0;0;0 / 0;0;0;0;1;2024-25
Radu I.;VEN;15;6.33;0.51;0;18;0 / 0;0;0;1;0;2024-25
Skorupski;BOL;27;6.2;5.07;0;33;0 / 0;1;0;1;0;2024-25
Leali;GEN;29;6.12;5.07;0;31;0 / 0;1;0;1;0;2024-25
Scalvini;ATA;4;5.25;0.5;0;0;0 / 0;0;0;2;0;2024-25
Sportiello;MIL;2;0.6;0.5;0;2;0 / 0;0;0;0;0;2024-25
Bartesaghi;MIL;3;5.33;0.5;0;0;0 / 0;0;0;0;1;2024-25
Lekovic;MON;7;5.21;4.93;0;0;0 / 0;0;0;0;0;2024-25
Otoa;GEN;3;5.33;4.83;0;0;0 / 0;0;0;1;1;2024-25
Ravaglia F.;BOL;12;5.96;4.79;0;14;0 / 0;0;0;0;0;2024-25
Sava;UDI;12;6.17;4.79;0;16;0 / 0;0;0;1;0;2024-25
Suzuki;PAR;37;6.23;4.77;0;53;0 / 0;0;0;0;1;2024-25
Turati;MON;30;0.63;4.75;0;52;0 / 0;2;0;1;0;2024-25
Falcone;LEC;38;6.21;4.74;0;58;0 / 0;1;0;2;0;2024-25
Vasquez D.;EMP;32;5.95;4.61;0;45;0 / 0;1;0;2;0;2024-25
Braunoder;COM;4;4.88;0.45;0;0;0 / 0;0;0;1;1;2024-25
Okoye;UDI;25;6.18;4.48;0;40;0 / 0;0;0;1;0;2024-25
Provedel;LAZ;29;5.91;4.47;0;42;0 / 0;0;0;0;0;2024-25
Reina;COM;12;5.71;4.46;0;14;0 / 0;0;0;0;1;2024-25
Sherri;CAG;7;0.6;4.43;0;11;0 / 0;0;0;0;0;2024-25
Montipo';VER;36;6.15;4.4;0;64;0 / 0;1;0;0;0;2024-25
Scuffet;NAP;14;5.96;4.25;0;24;0 / 0;0;0;0;0;2024-25
Gollini;ROM;7;0.6;4.21;0;15;0 / 0;1;0;1;0;2024-25
Pizzignacco;MON;9;0.6;3.89;0;17;0 / 0;0;0;0;0;2024-25
Silvestri;EMP;5;0.58;0.36;0;11;0 / 0;0;0;0;0;2024-25
Audero;COM;8;5.81;3.56;0;18;0 / 0;0;0;0;0;2024-25
Paleari;TOR;1;0.65;0.35;0;3;0 / 0;0;0;0;0;2024-25
Joronen;VEN;8;5.62;0.35;0;15;0 / 0;0;0;0;0;2024-25
Seghetti;EMP;1;0.6;0.3;0;3;0 / 0;0;0;0;0;2024-25
Alli;COM;1;0.4;0.3;0;0;0 / 0;0;0;0;1;2024-25
Chichizola;PAR;1;0.55;0.25;0;3;0 / 0;0;0;0;0;2024-25
Rossi F.;ATA;0;0.0;0.0;0;0;0 / 0;0;0;0;0;2024-25
Hateboer;ATA;0;0.0;0.0;0;0;0 / 0;0;0;0;0;2024-25
Scamacca;ATA;0;0.0;0.0;0;0;0 / 0;0;0;0;0;2024-25
Toure' E.;ATA;0;0.0;0.0;0;0;0 / 0;0;0;0;0;2024-25
Bagnolini;BOL;0;0.0;0.0;0;0;0 / 0;0;0;0;0;2024-25
Ilic M.;BOL;0;0.0;0.0;0;0;0 / 0;0;0;0;0;2024-25
Corazza;BOL;0;0.0;0.0;0;0;0 / 0;0;0;0;0;2024-25
Radunovic;CAG;0;0.0;0.0;0;0;0 / 0;0;0;0;0;2024-25
Hatzidiakos;CAG;0;0.0;0.0;0;0;0 / 0;0;0;0;0;2024-25
Veroli;CAG;0;0.0;0.0;0;0;0 / 0;0;0;0;0;2024-25
Di Pardo;CAG;0;0.0;0.0;0;0;0 / 0;0;0;0;0;2024-25
Jankto;CAG;0;0.0;0.0;0;0;0 / 0;0;0;0;0;2024-25
Vigorito;COM;0;0.0;0.0;0;0;0 / 0;0;0;0;0;2024-25
Varane;COM;0;0.0;0.0;0;0;0 / 0;0;0;0;0;2024-25
Kovacik;COM;0;0.0;0.0;0;0;0 / 0;0;0;0;0;2024-25
Cassandro;COM;0;0.0;0.0;0;0;0 / 0;0;0;0;0;2024-25
Abildgaard;COM;0;0.0;0.0;0;0;0 / 0;0;0;0;0;2024-25
Bellemo;COM;0;0.0;0.0;0;0;0 / 0;0;0;0;0;2024-25
Jasim;COM;0;0.0;0.0;0;0;0 / 0;0;0;0;0;2024-25
Gioacchini;COM;0;0.0;0.0;0;0;0 / 0;0;0;0;0;2024-25
Chiorra;EMP;0;0.0;0.0;0;0;0 / 0;0;0;0;0;2024-25
Perisan;EMP;0;0.0;0.0;0;0;0 / 0;0;0;0;0;2024-25
Stojanovic;EMP;0;0.0;0.0;0;0;0 / 0;0;0;0;0;2024-25
Belardinelli;EMP;0;0.0;0.0;0;0;0 / 0;0;0;0;0;2024-25
Degli Innocenti;EMP;0;0.0;0.0;0;0;0 / 0;0;0;0;0;2024-25
Shpendi S.;EMP;0;0.0;0.0;0;0;0 / 0;0;0;0;0;2024-25
Caputo;EMP;0;0.0;0.0;0;0;0 / 0;0;0;0;0;2024-25
Christensen O.;FIO;0;0.0;0.0;0;0;0 / 0;0;0;0;0;2024-25
Martinelli T.;FIO;0;0.0;0.0;0;0;0 / 0;0;0;0;0;2024-25
Lucchesi;VEN;0;0.0;0.0;0;0;0 / 0;0;0;0;0;2024-25
Nzola;FIO;0;0.0;0.0;0;0;0 / 0;0;0;0;0;2024-25
Di Gennaro;INT;0;0.0;0.0;0;0;0 / 0;0;0;0;0;2024-25
Pinsoglio;JUV;0;0.0;0.0;0;0;0 / 0;0;0;0;0;2024-25
Rugani;JUV;0;0.0;0.0;0;0;0 / 0;0;0;0;0;2024-25
Djalo';JUV;0;0.0;0.0;0;0;0 / 0;0;0;0;0;2024-25
Kostic;JUV;0;0.0;0.0;0;0;0 / 0;0;0;0;0;2024-25
Chiesa;JUV;0;0.0;0.0;0;0;0 / 0;0;0;0;0;2024-25
Milik;JUV;0;0.0;0.0;0;0;0 / 0;0;0;0;0;2024-25
Furlanetto;LAZ;0;0.0;0.0;0;0;0 / 0;0;0;0;0;2024-25
Fruchtl;LEC;0;0.0;0.0;0;0;0 / 0;0;0;0;0;2024-25
Samooja;LEC;0;0.0;0.0;0;0;0 / 0;0;0;0;0;2024-25
Listkowski;LEC;0;0.0;0.0;0;0;0 / 0;0;0;0;0;2024-25
Nava;MIL;0;0.0;0.0;0;0;0 / 0;0;0;0;0;2024-25
Cragno;MON;0;0.0;0.0;0;0;0 / 0;0;0;0;0;2024-25
Sorrentino A.;MON;0;0.0;0.0;0;0;0 / 0;0;0;0;0;2024-25
Bettella;MON;0;0.0;0.0;0;0;0 / 0;0;0;0;0;2024-25
Machin;MON;0;0.0;0.0;0;0;0 / 0;0;0;0;0;2024-25
Contini;NAP;0;0.0;0.0;0;0;0 / 0;0;0;0;0;2024-25
Natan;NAP;0;0.0;0.0;0;0;0 / 0;0;0;0;0;2024-25
Mario Rui;NAP;0;0.0;0.0;0;0;0 / 0;0;0;0;0;2024-25
Cajuste;NAP;0;0.0;0.0;0;0;0 / 0;0;0;0;0;2024-25
Osimhen;NAP;0;0.0;0.0;0;0;0 / 0;0;0;0;0;2024-25
Corvi;PAR;0;0.0;0.0;0;0;0 / 0;0;0;0;0;2024-25
Rinaldi;PAR;0;0.0;0.0;0;0;0 / 0;0;0;0;0;2024-25
Di Chiara;PAR;0;0.0;0.0;0;0;0 / 0;0;0;0;0;2024-25
Partipilo;PAR;0;0.0;0.0;0;0;0 / 0;0;0;0;0;2024-25
Boer;ROM;0;0.0;0.0;0;0;0 / 0;0;0;0;0;2024-25
Ryan;ROM;0;0.0;0.0;0;0;0 / 0;0;0;0;0;2024-25
Smalling;ROM;0;0.0;0.0;0;0;0 / 0;0;0;0;0;2024-25
Kumbulla;ROM;0;0.0;0.0;0;0;0 / 0;0;0;0;0;2024-25
Sangare' B.;ROM;0;0.0;0.0;0;0;0 / 0;0;0;0;0;2024-25
Joao Costa;ROM;0;0.0;0.0;0;0;0 / 0;0;0;0;0;2024-25
Popa;TOR;0;0.0;0.0;0;0;0 / 0;0;0;0;0;2024-25
Sazonov;EMP;0;0.0;0.0;0;0;0 / 0;0;0;0;0;2024-25
Schuurs;TOR;0;0.0;0.0;0;0;0 / 0;0;0;0;0;2024-25
Ferreira J.;UDI;0;0.0;0.0;0;0;0 / 0;0;0;0;0;2024-25
Ebosele;UDI;0;0.0;0.0;0;0;0 / 0;0;0;0;0;2024-25
Success;UDI;0;0.0;0.0;0;0;0 / 0;0;0;0;0;2024-25
Pizarro;UDI;0;0.0;0.0;0;0;0 / 0;0;0;0;0;2024-25
Bertinato;VEN;0;0.0;0.0;0;0;0 / 0;0;0;0;0;2024-25
Grandi;VEN;0;0.0;0.0;0;0;0 / 0;0;0;0;0;2024-25
Jajalo;VEN;0;0.0;0.0;0;0;0 / 0;0;0;0;0;2024-25
Tessmann;VEN;0;0.0;0.0;0;0;0 / 0;0;0;0;0;2024-25
Lella;VEN;0;0.0;0.0;0;0;0 / 0;0;0;0;0;2024-25
Berardi A.;VER;0;0.0;0.0;0;0;0 / 0;0;0;0;0;2024-25
Okou;VER;0;0.0;0.0;0;0;0 / 0;0;0;0;0;2024-25
Ceccherini;VER;0;0.0;0.0;0;0;0 / 0;0;0;0;0;2024-25
Mitrovic S.;VER;0;0.0;0.0;0;0;0 / 0;0;0;0;0;2024-25
Tavsan;VER;0;0.0;0.0;0;0;0 / 0;0;0;0;0;2024-25
Cruz;VER;0;0.0;0.0;0;0;0 / 0;0;0;0;0;2024-25
Esteves G.;UDI;0;0.0;0.0;0;0;0 / 0;0;0;0;0;2024-25
Brancolini;EMP;0;0.0;0.0;0;0;0 / 0;0;0;0;0;2024-25
Ciocci;CAG;0;0.0;0.0;0;0;0 / 0;0;0;0;0;2024-25
Torriani;MIL;0;0.0;0.0;0;0;0 / 0;0;0;0;0;2024-25
Donnarumma An.;TOR;0;0.0;0.0;0;0;0 / 0;0;0;0;0;2024-25
Mazza;MON;0;0.0;0.0;0;0;0 / 0;0;0;0;0;2024-25
Marin Re.;ROM;0;0.0;0.0;0;0;0 / 0;0;0;0;0;2024-25
Dellavalle;TOR;0;0.0;0.0;0;0;0 / 0;0;0;0;0;2024-25
Cassa;ATA;0;0.0;0.0;0;0;0 / 0;0;0;0;0;2024-25
Byar;BOL;0;0.0;0.0;0;0;0 / 0;0;0;0;0;2024-25
Cisse' A.;VER;0;0.0;0.0;0;0;0 / 0;0;0;0;0;2024-25
Manzoni;ATA;0;0.0;0.0;0;0;0 / 0;0;0;0;0;2024-25
Kouda;PAR;0;0.0;0.0;0;0;0 / 0;0;0;0;0;2024-25
Vos;MIL;0;0.0;0.0;0;0;0 / 0;0;0;0;0;2024-25
Hasa;NAP;0;0.0;0.0;0;0;0 / 0;0;0;0;0;2024-25
Plizzari;VEN;0;0.0;0.0;0;0;0 / 0;0;0;0;0;2024-25
Kowalski;PAR;0;0.0;0.0;0;0;0 / 0;0;0;0;0;2024-25
Florenzi;MIL;0;0.0;0.0;0;0;0 / 0;0;0;0;0;2024-25
Arthur Melo;JUV;0;0.0;0.0;0;0;0 / 0;0;0;0;0;2024-25
Basic;LAZ;0;0.0;0.0;0;0;0 / 0;0;0;0;0;2024-25
Sansone;LEC;0;0.0;0.0;0;0;0 / 0;0;0;0;0;2024-25
Piana;UDI;0;0.0;0.0;0;0;0 / 0;0;0;0;0;2024-25
Selvik;UDI;0;0.0;0.0;0;0;0 / 0;0;0;0;0;2024-25
Marcone;PAR;0;0.0;0.0;0;0;0 / 0;0;0;0;0;2024-25
Ibrahimovic A.;LAZ;0;0.0;0.0;0;0;0 / 0;0;0;0;0;2024-25
Stolz;GEN;0;0.0;0.0;0;0;0 / 0;0;0;0;0;2024-25
Pedrola;BOL;0;0.0;0.0;0;0;0 / 0;0;0;0;0;2024-25
Slotsager;VER;0;0.0;0.0;0;0;0 / 0;0;0;0;0;2024-25
Cuenca H.;GEN;0;0.0;0.0;0;0;0 / 0;0;0;0;0;2024-25
Salama;TOR;0;0.0;0.0;0;0;0 / 0;0;0;0;0;2024-25
Azon;COM;0;0.0;0.0;0;0;0 / 0;0;0;0;0;2024-25
Scott;LEC;0;0.0;0.0;0;0;0 / 0;0;0;0;0;2024-25
Calligaris;INT;0;0.0;0.0;0;0;0 / 0;0;0;0;0;2024-25
Luan Patrick;VER;0;0.0;0.0;0;0;0 / 0;0;0;0;0;2024-25
De Marzi;ROM;0;0.0;0.0;0;0;0 / 0;0;0;0;0;2024-25
Di Francesco F.;LEC;1;0.7;1.0;1;0;0 / 0;0;0;0;0;2023-24
Biraschi;GEN;1;0.65;0.95;1;0;0 / 0;0;0;0;0;2023-24
Martinez L.;INT;33;6.71;8.79;24;0;2 / 3;0;2;5;0;2023-24
Dybala;ROM;27;6.59;8.31;13;0;7 / 7;0;9;3;0;2023-24
Berardi;SAS;17;6.53;8.06;9;0;5 / 5;0;2;6;0;2023-24
Traore' C.;MIL;2;0.65;0.8;1;0;0 / 0;0;0;0;0;2023-24
Osimhen;NAP;25;6.36;7.88;15;0;3 / 5;0;2;4;1;2023-24
Scamacca;ATA;28;6.38;7.86;12;0;0 / 0;0;6;1;0;2023-24
Thuram;INT;35;6.51;7.79;13;0;0 / 0;0;7;3;0;2023-24
Gudmundsson A.;GEN;35;6.51;7.69;14;0;4 / 5;0;4;4;0;2023-24
Calhanoglu;INT;32;6.44;7.67;13;0;10 / 10;0;3;5;0;2023-24
Lookman;ATA;30;6.38;7.65;11;0;0 / 0;0;7;4;0;2023-24
Giroud;MIL;35;6.17;7.57;15;0;4 / 5;0;8;0;1;2023-24
Pulisic;MIL;36;6.38;7.54;12;0;0 / 0;0;7;2;0;2023-24
Niang;EMP;14;6.18;0.75;6;0;4 / 4;0;1;1;0;2023-24
De Ketelaere;ATA;34;6.38;7.43;10;0;1 / 1;0;8;1;0;2023-24
Vlahovic;JUV;33;6.17;7.41;16;0;2 / 4;0;3;6;1;2023-24
Koopmeiners;ATA;34;6.28;7.41;12;0;2 / 2;0;5;5;0;2023-24
Leao;MIL;34;6.37;7.35;9;0;0 / 0;0;9;5;0;2023-24
Zirkzee;BOL;34;6.37;7.34;11;0;2 / 2;0;4;8;0;2023-24
Soule';FRO;36;6.56;7.33;11;0;5 / 6;0;2;4;0;2023-24
Simic J.;MIL;3;6.33;7.33;1;0;0 / 0;0;0;0;0;2023-24
Zapata D.;TOR;37;6.19;7.3;13;0;0 / 0;0;3;2;0;2023-24
Noslin;VER;17;6.24;7.29;5;0;0 / 0;0;4;2;0;2023-24
Gonzalez N.;FIO;29;6.17;7.26;12;0;1 / 3;0;2;1;0;2023-24
Kvaratskhelia;NAP;34;6.22;7.22;11;0;0 / 0;0;5;8;0;2023-24
Dimarco;INT;30;6.45;7.15;5;0;0 / 0;0;6;0;0;2023-24
Chiesa;JUV;33;6.24;7.11;9;0;1 / 1;0;2;1;0;2023-24
Castrovilli;FIO;5;0.61;0.71;1;0;0 / 0;0;2;0;0;2023-24
Vitinha O.;GEN;6;6.17;7.08;2;0;0 / 0;0;0;2;0;2023-24
Aouar;ROM;13;6.23;7.04;4;0;0 / 0;0;0;3;0;2023-24
Lukaku;ROM;32;5.92;7.03;13;0;0 / 1;0;3;5;1;2023-24
Ferguson;BOL;31;6.47;7.02;6;0;0 / 0;0;3;8;0;2023-24
Pinsoglio;JUV;1;0.7;0.7;0;0;0 / 0;0;0;0;0;2023-24
Zarraga;UDI;8;6.25;0.7;2;0;0 / 0;0;0;0;0;2023-24
Orsolini;BOL;32;6.08;6.95;10;0;2 / 3;0;2;2;0;2023-24
Belotti;FIO;24;6.04;6.94;6;0;0 / 0;0;4;1;0;2023-24
Luis Alberto;LAZ;32;6.33;6.91;5;0;0 / 0;0;7;7;0;2023-24
Frattesi;INT;29;6.21;6.91;6;0;0 / 0;0;3;1;0;2023-24
Okafor;MIL;25;6.12;0.69;6;0;0 / 0;0;2;1;0;2023-24
Pellegrini Lo.;ROM;29;6.07;6.88;8;0;1 / 1;0;3;7;0;2023-24
Radonjic;TOR;8;5.75;6.88;3;0;0 / 0;0;0;1;0;2023-24
Ngonge;NAP;29;6.07;6.86;7;0;0 / 0;0;2;6;0;2023-24
Pasalic;ATA;33;6.17;6.85;6;0;2 / 2;0;6;3;0;2023-24
Arnautovic;INT;24;6.1;6.85;5;0;0 / 0;0;3;0;0;2023-24
Gaetano;CAG;17;6.09;6.85;5;0;1 / 1;0;0;2;1;2023-24
Zurkowski;EMP;13;6.08;6.85;4;0;0 / 0;0;0;4;0;2023-24
Pavoletti;CAG;16;6.16;6.84;4;0;0 / 0;0;1;4;0;2023-24
Maldini;MON;18;6.14;6.83;4;0;0 / 0;0;1;1;0;2023-24
Bisseck;INT;11;6.18;6.82;2;0;0 / 0;0;1;0;0;2023-24
Bonaventura;FIO;31;6.13;6.81;8;0;0 / 1;0;3;6;0;2023-24
Sanchez;INT;18;6.19;6.81;2;0;1 / 1;0;5;0;0;2023-24
Politano;NAP;37;6.11;6.78;8;0;2 / 3;0;7;2;1;2023-24
Odgaard;BOL;9;0.6;6.78;2;0;0 / 0;0;1;1;0;2023-24
Fabbian;BOL;23;6.15;6.76;5;0;0 / 0;0;1;4;0;2023-24
El Azzouzi;BOL;10;6.15;6.75;2;0;0 / 0;0;2;4;0;2023-24
Candreva;SAL;34;6.07;6.74;6;0;1 / 1;0;7;5;0;2023-24
Zaccagni;LAZ;28;6.2;6.73;6;0;0 / 0;0;1;8;0;2023-24
Colpani;MON;38;0.6;6.72;8;0;0 / 0;0;4;1;0;2023-24
Harroui;FRO;17;6.06;6.71;3;0;1 / 1;0;3;2;0;2023-24
Cheddira;FRO;32;6.02;6.7;7;0;1 / 1;0;1;0;0;2023-24
Thauvin;UDI;27;6.09;6.69;5;0;1 / 1;0;3;4;0;2023-24
Beltran L.;FIO;30;6.15;6.68;6;0;1 / 1;0;1;6;0;2023-24
Jovic;MIL;21;5.86;6.67;6;0;0 / 0;0;1;2;1;2023-24
Hernandez T.;MIL;32;6.38;6.66;5;0;1 / 2;0;3;10;1;2023-24
Azmoun;ROM;16;6.16;6.66;3;0;0 / 0;0;0;4;0;2023-24
Miranchuk;ATA;23;6.07;6.65;3;0;0 / 0;0;5;1;0;2023-24
Barak;FIO;14;6.14;6.64;2;0;0 / 0;0;2;2;0;2023-24
Samardzic;UDI;34;6.09;6.63;6;0;1 / 1;0;2;3;0;2023-24
Dumfries;INT;31;6.21;6.63;4;0;0 / 0;0;3;2;1;2023-24
Djuric;MON;36;6.04;6.62;9;0;1 / 3;0;2;4;0;2023-24
Retegui;GEN;29;5.91;6.62;7;0;1 / 1;0;2;5;0;2023-24
Lucca;UDI;35;5.93;6.61;8;0;0 / 0;0;3;6;0;2023-24
Mkhitaryan;INT;36;6.32;6.6;2;0;0 / 0;0;6;4;0;2023-24
Buongiorno;TOR;29;6.41;6.6;3;0;0 / 0;0;0;7;0;2023-24
Vecino;LAZ;27;6.02;6.59;6;0;0 / 0;0;1;8;0;2023-24
Calafiori;BOL;28;6.38;6.59;2;0;0 / 0;0;4;4;0;2023-24
De Silvestri;BOL;13;6.12;6.58;2;0;0 / 0;0;0;0;0;2023-24
Ravaglia F.;BOL;6;6.58;6.58;0;3;0 / 0;1;0;0;0;2023-24
Bremer;JUV;36;6.46;6.58;3;0;0 / 0;0;0;9;0;2023-24
Zortea;FRO;19;6.11;6.58;2;0;0 / 0;0;5;4;0;2023-24
Pinamonti;SAS;37;5.78;6.57;11;0;2 / 3;0;1;4;0;2023-24
Ekuban;GEN;24;6.02;6.56;4;0;0 / 0;0;1;0;0;2023-24
Ibrahimovic A.;FRO;8;6.12;6.56;1;0;0 / 0;0;1;1;0;2023-24
Mazzitelli;FRO;29;6.14;6.55;5;0;0 / 0;0;0;4;1;2023-24
Simy;SAL;11;5.73;6.55;3;0;0 / 0;0;0;0;0;2023-24
Rabiot;JUV;31;6.13;6.55;5;0;0 / 0;0;2;8;0;2023-24
Luvumbo;CAG;30;6.07;6.55;4;0;0 / 0;0;5;5;0;2023-24
Viola;CAG;25;6.04;6.54;5;0;0 / 1;0;2;3;0;2023-24
Swiderski;VER;13;6.08;6.54;2;0;0 / 0;0;0;0;0;2023-24
Muriel;ATA;15;6.07;6.53;2;0;0 / 0;0;1;0;0;2023-24
Loftus-Cheek;MIL;29;5.97;6.53;6;0;0 / 0;0;1;5;0;2023-24
Acerbi;INT;29;6.19;6.52;3;0;0 / 0;0;1;1;0;2023-24
Di Gennaro;INT;1;0.65;0.65;0;0;0 / 0;0;0;0;0;2023-24
Davis K.;UDI;6;6.17;0.65;1;0;0 / 0;0;0;2;0;2023-24
Asllani;INT;17;6.24;0.65;1;0;0 / 0;0;2;1;0;2023-24
Castro S.;BOL;6;6.08;0.65;1;0;0 / 0;0;0;1;0;2023-24
Milik;JUV;24;6.02;6.48;4;0;0 / 0;0;1;2;1;2023-24
Ederson D.s.;ATA;36;6.06;6.47;6;0;0 / 0;0;1;8;0;2023-24
Saelemaekers;BOL;30;6.07;6.45;4;0;0 / 0;0;3;5;1;2023-24
Dragusin;GEN;19;6.11;6.45;2;0;0 / 0;0;1;1;0;2023-24
Arthur Melo;FIO;32;6.22;6.44;2;0;1 / 1;0;2;2;0;2023-24
Malinovskyi;GEN;25;6.06;6.44;4;0;0 / 0;0;1;7;0;2023-24
Vlasic;TOR;33;6.15;6.44;3;0;0 / 0;0;2;3;0;2023-24
Toure' E.;ATA;9;5.89;6.44;2;0;0 / 0;0;0;2;0;2023-24
Rugani;JUV;14;6.07;6.43;2;0;0 / 0;0;0;2;0;2023-24
Buchanan T.;INT;7;0.6;6.43;1;0;0 / 0;0;0;0;0;2023-24
Di Lorenzo;NAP;36;6.28;6.42;1;0;0 / 0;0;5;6;0;2023-24
Sottil;FIO;19;5.97;6.42;2;0;0 / 0;0;3;1;0;2023-24
Lauriente';SAS;37;5.95;6.42;5;0;0 / 0;0;5;5;0;2023-24
Felipe Anderson;LAZ;38;5.89;6.41;5;0;0 / 0;0;6;3;0;2023-24
Barella;INT;37;6.26;6.41;2;0;0 / 0;0;3;7;0;2023-24
Pereyra;UDI;26;5.94;6.4;4;0;1 / 1;0;3;6;0;2023-24
Bennacer;MIL;20;6.05;0.64;2;0;1 / 1;0;2;2;0;2023-24
De Vrij;INT;22;6.25;6.39;1;0;0 / 0;0;0;0;0;2023-24
Duncan;FIO;28;6.04;6.39;2;0;0 / 0;0;5;2;0;2023-24
Raspadori;NAP;33;5.94;6.39;5;0;0 / 1;0;3;0;0;2023-24
Elmas;NAP;9;5.83;6.39;2;0;0 / 0;0;0;2;0;2023-24
Frendrup;GEN;37;6.2;6.39;2;0;0 / 0;0;4;6;0;2023-24
Maric;MON;9;6.06;6.39;1;0;0 / 0;0;0;0;0;2023-24
Zielinski;NAP;28;0.6;6.38;3;0;1 / 1;0;2;1;0;2023-24
Bastoni;INT;28;6.25;6.38;1;0;0 / 0;0;3;5;0;2023-24
Shomurodov;CAG;20;0.58;6.38;3;0;0 / 0;0;3;1;0;2023-24
Martinez Quarta;FIO;28;0.6;6.38;5;0;0 / 0;0;0;9;0;2023-24
Dia;SAL;17;5.71;6.38;4;0;1 / 1;0;0;1;0;2023-24
Lykogiannis;BOL;18;5.97;6.36;2;0;0 / 0;0;2;2;0;2023-24
Ilic;TOR;28;6.05;6.36;3;0;0 / 0;0;1;3;0;2023-24
Carboni V.;MON;25;6.06;6.36;2;0;0 / 0;0;2;2;0;2023-24
Immobile;LAZ;30;5.75;6.35;7;0;4 / 4;0;1;8;0;2023-24
Lapadula;CAG;22;0.6;6.34;3;0;1 / 1;0;0;3;0;2023-24
Pessina;MON;37;5.95;6.34;6;0;4 / 5;0;2;3;1;2023-24
Tchaouna;SAL;31;5.92;6.34;4;0;0 / 0;0;3;4;0;2023-24
Colombo;MON;23;5.83;6.33;4;0;0 / 0;0;1;3;0;2023-24
Darmian;INT;33;6.14;6.32;2;0;0 / 0;0;1;2;0;2023-24
Kouame';FIO;20;5.98;6.32;2;0;0 / 0;0;1;0;0;2023-24
Fagioli;JUV;8;6.12;6.31;0;0;0 / 0;0;2;1;0;2023-24
Isaksen;LAZ;24;5.94;6.31;3;0;0 / 0;0;1;3;0;2023-24
Yildiz;JUV;21;6.07;6.31;2;0;0 / 0;0;0;3;0;2023-24
Tomori;MIL;25;5.98;0.63;4;0;0 / 0;0;0;6;1;2023-24
Pavard;INT;21;6.33;6.29;0;0;0 / 0;0;2;6;0;2023-24
Bellanova;TOR;36;6.08;6.29;1;0;0 / 0;0;7;5;0;2023-24
Oudin;LEC;31;5.98;6.29;3;0;0 / 0;0;2;3;0;2023-24
Patric;LAZ;20;6.08;6.28;2;0;0 / 0;0;0;4;0;2023-24
Paredes;ROM;34;6.13;6.28;3;0;3 / 3;0;4;14;1;2023-24
El Shaarawy;ROM;30;5.95;6.28;3;0;0 / 0;0;2;2;0;2023-24
Schuurs;TOR;9;6.06;6.28;1;0;0 / 0;0;0;2;0;2023-24
Mina;CAG;15;6.03;6.27;2;0;1 / 1;0;0;5;0;2023-24
Suslov;VER;31;5.94;6.27;3;0;1 / 1;0;5;7;0;2023-24
Sansone;LEC;23;0.6;6.26;2;0;0 / 0;0;2;4;0;2023-24
Cristante;ROM;37;6.01;6.26;3;0;0 / 0;0;4;8;0;2023-24
Thorstvedt;SAS;34;5.81;6.26;6;0;0 / 0;0;1;7;0;2023-24
Mota;MON;33;5.85;6.26;4;0;0 / 0;0;3;3;0;2023-24
Sensi;INT;2;6.25;6.25;0;0;0 / 0;0;0;0;0;2023-24
Reinier;FRO;16;5.91;6.25;2;0;0 / 0;0;1;3;0;2023-24
Iling Junior;JUV;20;6.02;6.25;1;0;0 / 0;0;2;1;0;2023-24
Kayode;FIO;26;6.13;6.25;1;0;0 / 0;0;1;2;0;2023-24
Sanabria;TOR;35;5.84;6.24;5;0;2 / 2;0;0;2;0;2023-24
Messias;GEN;17;6.06;6.24;1;0;0 / 0;0;0;0;0;2023-24
Reijnders;MIL;36;5.99;6.24;3;0;0 / 0;0;4;8;0;2023-24
Folorunsho;VER;33;5.83;6.24;5;0;0 / 0;0;1;5;0;2023-24
Bonazzoli;VER;24;5.85;6.23;3;0;0 / 0;0;1;2;0;2023-24
Defrel;SAS;16;5.91;6.22;1;0;0 / 0;0;2;0;0;2023-24
Mandragora;FIO;29;5.88;6.22;3;0;0 / 0;0;3;5;0;2023-24
Vignato S.;MON;9;0.6;6.22;1;0;0 / 0;0;0;2;0;2023-24
Rodriguez R.;TOR;35;6.16;6.21;1;0;0 / 0;0;1;4;0;2023-24
Abraham;ROM;7;5.86;6.21;1;0;0 / 0;0;0;1;0;2023-24
Monterisi;FRO;19;5.82;6.21;2;0;0 / 0;0;2;1;0;2023-24
Cambiaso;JUV;34;6.09;6.21;2;0;0 / 0;0;3;10;0;2023-24
Banda;LEC;21;5.95;6.21;2;0;0 / 0;0;3;5;1;2023-24
Castellanos;LAZ;33;5.79;6.21;4;0;0 / 0;0;3;2;0;2023-24
Alex Sandro;JUV;10;5.95;0.62;1;0;0 / 0;0;0;1;0;2023-24
Cuadrado;INT;10;6.05;0.62;0;0;0 / 0;0;2;1;0;2023-24
Renato Sanches;ROM;5;0.58;0.62;1;0;0 / 0;0;0;2;0;2023-24
Biraghi;FIO;29;6.05;6.19;2;0;0 / 1;0;5;8;0;2023-24
Mancini;ROM;35;5.97;6.19;4;0;0 / 0;0;0;9;0;2023-24
Chukwueze;MIL;21;5.98;6.19;1;0;0 / 0;0;2;1;0;2023-24
Henry;VER;13;5.85;6.19;3;0;0 / 1;0;0;2;1;2023-24
Carlos Augusto;INT;34;6.12;6.19;0;0;0 / 0;0;3;1;0;2023-24
Oristanio;CAG;24;5.92;6.19;2;0;0 / 0;0;1;1;0;2023-24
Brekalo;FIO;11;5.91;6.18;1;0;0 / 0;0;0;0;0;2023-24
Piccoli;LEC;34;5.81;6.18;5;0;1 / 1;0;0;5;0;2023-24
Gabbia;MIL;17;5.97;6.18;2;0;0 / 0;0;0;5;0;2023-24
Scalvini;ATA;33;6.05;6.18;1;0;0 / 0;0;3;3;0;2023-24
Krstovic;LEC;34;5.79;6.18;7;0;1 / 3;0;1;4;1;2023-24
Thorsby;GEN;21;5.83;6.17;2;0;0 / 0;0;2;2;0;2023-24
Lovric;UDI;29;6.05;6.17;1;0;0 / 0;0;2;1;1;2023-24
Baldanzi;ROM;25;5.98;6.16;2;0;0 / 0;0;0;3;0;2023-24
Gatti;JUV;32;6.02;6.16;4;0;0 / 0;0;0;7;0;2023-24
Kamada;LAZ;26;5.94;6.15;2;0;0 / 0;0;1;3;0;2023-24
Karsdorp;ROM;18;6.08;6.14;0;0;0 / 0;0;2;2;0;2023-24
Vojvoda;TOR;21;6.07;6.14;0;0;0 / 0;0;3;3;0;2023-24
Cuni;FRO;11;5.86;6.14;1;0;0 / 0;0;0;0;0;2023-24
Pierotti;LEC;7;0.6;6.14;0;0;0 / 0;0;1;0;0;2023-24
Locatelli;JUV;35;6.01;6.13;1;0;0 / 0;0;4;6;0;2023-24
Maggiore;SAL;27;5.81;6.13;4;0;0 / 0;0;1;7;1;2023-24
Vasquez;GEN;35;0.61;6.13;1;0;0 / 0;0;1;6;0;2023-24
Badelj;GEN;33;6.03;6.12;1;0;0 / 0;0;3;6;0;2023-24
Spinazzola;ROM;24;5.92;6.12;1;0;0 / 0;0;2;0;0;2023-24
Caputo;EMP;20;5.68;6.12;3;0;1 / 1;0;0;0;0;2023-24
Danilo;JUV;28;6.11;6.12;1;0;0 / 0;0;1;7;0;2023-24
Rrahmani;NAP;30;0.59;6.12;3;0;0 / 0;0;0;5;0;2023-24
Kovalenko;EMP;16;5.91;6.12;1;0;0 / 0;0;1;1;0;2023-24
Huijsen;ROM;12;5.96;6.12;2;0;0 / 0;0;0;4;0;2023-24
Guendouzi;LAZ;33;5.91;6.11;2;0;0 / 0;0;3;3;1;2023-24
McKennie;JUV;33;5.98;6.11;0;0;0 / 0;0;7;6;0;2023-24
Racic;SAS;18;5.92;6.11;1;0;0 / 0;0;1;1;0;2023-24
De Roon;ATA;30;0.61;0.61;0;0;0 / 0;0;5;10;0;2023-24
Adopo;ATA;5;0.59;0.61;0;0;0 / 0;0;1;0;0;2023-24
Carboni A.;MON;21;5.98;6.1;1;0;0 / 0;0;0;1;0;2023-24
Brescianini;FRO;34;5.74;6.1;4;0;0 / 0;0;1;1;0;2023-24
Jovane;SAL;10;5.85;0.61;1;0;0 / 0;0;0;1;0;2023-24
Corazza;BOL;5;0.62;0.61;0;0;0 / 0;0;0;1;0;2023-24
Luperto;EMP;38;6.04;6.09;1;0;0 / 0;0;1;4;0;2023-24
Florenzi;MIL;27;5.91;6.09;1;0;0 / 0;0;4;5;0;2023-24
Gendrey;LEC;37;5.92;6.09;2;0;0 / 0;0;3;5;0;2023-24
Adli;MIL;22;5.93;6.09;1;0;0 / 0;0;2;3;0;2023-24
Kristiansen;BOL;32;6.06;6.09;0;0;0 / 0;0;3;4;0;2023-24
Zappacosta;ATA;31;5.94;6.08;2;0;0 / 0;0;1;5;0;2023-24
Marchizza;FRO;13;5.88;6.08;0;0;0 / 0;0;3;1;0;2023-24
Calabria;MIL;29;5.98;6.07;1;0;0 / 0;0;3;3;2;2023-24
Lobotka;NAP;38;6.09;6.07;0;0;0 / 0;0;1;4;0;2023-24
Nicolussi Caviglia;JUV;7;0.6;6.07;0;0;0 / 0;0;1;1;0;2023-24
Ikone';FIO;27;5.8;6.07;3;0;0 / 0;0;1;5;0;2023-24
Bajrami;SAS;26;5.75;6.06;2;0;0 / 0;0;2;0;0;2023-24
Cancellieri;EMP;35;5.76;6.06;4;0;0 / 0;0;2;7;0;2023-24
Kaio Jorge;FRO;17;5.76;6.06;3;0;1 / 2;0;0;2;0;2023-24
Ndoye;BOL;31;0.6;6.06;1;0;0 / 0;0;1;4;0;2023-24
Lindstrom;NAP;16;6.06;6.06;0;0;0 / 0;0;0;2;0;2023-24
Lazovic;VER;31;5.73;6.05;3;0;1 / 1;0;2;0;1;2023-24
Freuler;BOL;32;6.09;6.05;1;0;0 / 0;0;0;9;0;2023-24
Lazaro;TOR;30;0.6;6.05;0;0;0 / 0;0;3;3;0;2023-24
Kostic;JUV;29;5.98;6.05;0;0;0 / 0;0;3;2;0;2023-24
Ostigard;NAP;21;5.95;6.05;1;0;0 / 0;0;0;2;0;2023-24
Lucumi';BOL;28;6.09;6.05;0;0;0 / 0;0;0;2;0;2023-24
Lirola;FRO;24;5.77;6.04;2;0;0 / 0;0;1;1;0;2023-24
Kastanos;SAL;24;5.75;6.04;3;0;0 / 0;0;0;5;0;2023-24
Cambiaghi;EMP;36;5.96;6.03;1;0;0 / 0;0;1;3;0;2023-24
Holm;ATA;18;5.89;6.03;1;0;0 / 0;0;1;5;0;2023-24
Moro N.;BOL;19;5.87;6.03;1;0;0 / 0;0;0;0;0;2023-24
Dorgu;LEC;29;5.93;6.03;2;0;0 / 0;0;0;6;0;2023-24
Bani;GEN;27;5.96;6.02;2;0;0 / 0;0;0;9;0;2023-24
Pedro;LAZ;27;5.94;6.02;1;0;0 / 0;0;1;4;0;2023-24
Ruggeri;ATA;33;5.91;6.02;0;0;0 / 0;0;5;3;0;2023-24
Gomez;MON;2;0.6;0.6;0;0;0 / 0;0;0;0;0;2023-24
Pogba;JUV;2;0.6;0.6;0;0;0 / 0;0;0;0;0;2023-24
Lulic K.;FRO;1;0.6;0.6;0;0;0 / 0;0;0;0;0;2023-24
Baez;FRO;10;5.75;0.6;1;0;0 / 0;0;0;1;0;2023-24
Palomino;ATA;2;0.6;0.6;0;0;0 / 0;0;0;0;0;2023-24
Kjaer;MIL;17;5.97;0.6;0;0;0 / 0;0;1;1;0;2023-24
Contini;NAP;1;0.6;0.6;0;0;0 / 0;0;0;0;0;2023-24
Dendoncker;NAP;1;0.6;0.6;0;0;0 / 0;0;0;0;0;2023-24
N'Dicka;ROM;25;0.6;0.6;0;0;0 / 0;0;3;6;0;2023-24
Demme;NAP;2;5.75;0.6;0;0;0 / 0;0;1;1;0;2023-24
Angelino;ROM;16;6.06;0.6;0;0;0 / 0;0;2;2;0;2023-24
Quina;UDI;1;0.6;0.6;0;0;0 / 0;0;0;0;0;2023-24
Nzola;FIO;30;5.67;0.6;3;0;1 / 1;0;2;2;0;2023-24
Djalo';JUV;1;0.6;0.6;0;0;0 / 0;0;0;0;0;2023-24
Zima;TOR;3;0.6;0.6;0;0;0 / 0;0;0;0;0;2023-24
Guessand A.;UDI;1;0.6;0.6;0;0;0 / 0;0;0;0;0;2023-24
Vivaldo;UDI;1;0.6;0.6;0;0;0 / 0;0;0;0;0;2023-24
Belahyane;VER;2;0.6;0.6;0;0;0 / 0;0;0;0;0;2023-24
Beukema;BOL;30;0.6;0.6;1;0;0 / 0;0;0;4;1;2023-24
Almqvist;LEC;30;5.85;0.6;2;0;0 / 0;0;1;5;0;2023-24
Dossena;CAG;35;0.59;0.6;2;0;0 / 0;0;4;5;0;2023-24
Vogliacco;GEN;15;6.07;0.6;0;0;0 / 0;0;1;4;0;2023-24
Burnete;LEC;1;0.6;0.6;0;0;0 / 0;0;0;0;0;2023-24
Bonfanti;ATA;2;0.6;0.6;0;0;0 / 0;0;0;0;0;2023-24
Kutlu;GEN;6;0.6;0.6;0;0;0 / 0;0;0;0;0;2023-24
Comuzzo;FIO;2;6.25;0.6;0;0;0 / 0;0;0;1;0;2023-24
Bartesaghi;MIL;3;0.6;0.6;0;0;0 / 0;0;0;0;0;2023-24
Djimsiti;ATA;37;6.01;5.99;0;0;0 / 0;0;1;4;0;2023-24
Romagnoli S.;FRO;33;5.98;5.98;1;0;0 / 0;0;0;6;0;2023-24
Kyriakopoulos;MON;27;5.93;5.98;0;0;0 / 0;0;3;3;0;2023-24
Mari';MON;33;6.09;5.98;0;0;0 / 0;0;0;7;0;2023-24
Kamara H.;UDI;31;5.95;5.98;1;0;0 / 0;0;0;4;0;2023-24
Coppola D.;VER;20;0.59;5.98;2;0;0 / 0;0;0;9;0;2023-24
Kolasinac;ATA;29;5.93;5.97;1;0;0 / 0;0;0;4;0;2023-24
Nandez;CAG;32;5.81;5.97;2;0;1 / 1;0;2;7;0;2023-24
Djidji;TOR;12;6.04;5.96;0;0;0 / 0;0;0;2;0;2023-24
Haps;GEN;14;5.89;5.96;0;0;0 / 0;0;1;0;0;2023-24
Hien;ATA;23;6.09;5.96;0;0;0 / 0;0;0;4;1;2023-24
Strefezza;LEC;19;5.89;5.95;1;0;1 / 1;0;0;4;0;2023-24
Llorente D.;ROM;29;5.9;5.95;1;0;0 / 0;0;1;5;0;2023-24
Volpato;SAS;19;5.82;5.95;1;0;0 / 0;0;0;1;0;2023-24
Payero;UDI;28;5.8;5.95;2;0;0 / 0;0;2;6;1;2023-24
Jankto;CAG;16;5.62;5.94;1;0;0 / 0;0;2;0;0;2023-24
Ranieri L.;FIO;25;5.92;5.94;2;0;0 / 0;0;1;14;0;2023-24
Toljan;SAS;24;5.79;5.94;0;0;0 / 0;0;4;1;0;2023-24
Matheus Henrique;SAS;31;5.81;5.94;2;0;0 / 0;0;2;6;1;2023-24
Sambia;SAL;17;5.76;5.94;1;0;0 / 0;0;2;4;0;2023-24
Spence;GEN;16;5.97;5.94;0;0;0 / 0;0;0;1;0;2023-24
Posch;BOL;31;5.89;5.94;1;0;0 / 0;0;2;7;0;2023-24
Barrenechea;FRO;35;6.06;5.94;0;0;0 / 0;0;1;10;0;2023-24
Vignato;SAL;7;5.86;5.93;0;0;0 / 0;0;1;1;0;2023-24
Olivera;NAP;23;5.87;5.93;1;0;0 / 0;0;0;3;0;2023-24
Gagliardini;MON;33;5.88;5.92;1;0;0 / 0;0;1;5;0;2023-24
Van Hooijdonk;BOL;6;5.92;5.92;0;0;0 / 0;0;0;0;0;2023-24
Aebischer;BOL;32;6.02;5.92;0;0;0 / 0;0;1;8;0;2023-24
Bijol;UDI;24;0.6;5.92;0;0;0 / 0;0;0;4;0;2023-24
Gallo;LEC;35;5.86;5.91;0;0;0 / 0;0;3;2;0;2023-24
Marin;EMP;29;5.9;5.91;0;0;0 / 0;0;2;3;0;2023-24
Magnani;VER;30;0.6;0.59;0;0;0 / 0;0;0;6;0;2023-24
Bakker;ATA;10;5.65;0.59;1;0;0 / 0;0;0;1;0;2023-24
Pobega;MIL;10;0.59;0.59;0;0;0 / 0;0;0;0;0;2023-24
Okereke;TOR;5;0.59;0.59;0;0;0 / 0;0;0;0;0;2023-24
Sulemana I.;CAG;21;5.71;5.9;2;0;0 / 0;0;0;4;0;2023-24
Zemura;UDI;21;5.79;5.9;1;0;0 / 0;0;0;1;0;2023-24
Martegani;SAL;15;5.73;0.59;1;0;0 / 0;0;0;1;0;2023-24
Centonze;VER;10;0.59;0.59;0;0;0 / 0;0;1;2;0;2023-24
Duda;VER;32;5.95;5.89;1;0;0 / 1;0;5;10;2;2023-24
Cataldi;LAZ;26;5.9;5.88;1;0;0 / 0;0;0;8;0;2023-24
Walace;UDI;37;5.81;5.88;2;0;0 / 0;0;0;7;0;2023-24
Caso;FRO;13;5.88;5.88;0;0;0 / 0;0;1;2;0;2023-24
Kvernadze;FRO;4;5.88;5.88;0;0;0 / 0;0;0;0;0;2023-24
Zappa;CAG;38;5.76;5.87;1;0;0 / 0;0;2;2;0;2023-24
Ricci S.;TOR;30;0.59;5.87;1;0;0 / 0;0;0;6;1;2023-24
Oyono;FRO;15;5.93;5.87;0;0;0 / 0;0;1;4;0;2023-24
Karamoh;TOR;7;5.86;5.86;0;0;0 / 0;0;0;0;0;2023-24
Klaassen;INT;7;5.93;5.86;0;0;0 / 0;0;0;1;0;2023-24
Kabasele;UDI;11;5.82;5.86;1;0;0 / 0;0;0;5;0;2023-24
Augello;CAG;32;5.81;5.86;1;0;0 / 0;0;1;5;0;2023-24
Vinagre;VER;7;5.86;5.86;0;0;0 / 0;0;0;0;0;2023-24
Ciurria;MON;22;5.86;5.86;0;0;0 / 0;0;1;2;0;2023-24
Giannetti L.;UDI;7;0.6;5.86;1;0;0 / 0;0;0;4;0;2023-24
Alcaraz;JUV;7;5.71;5.86;0;0;0 / 0;0;1;0;0;2023-24
Weissman;SAL;11;5.59;5.86;1;0;0 / 0;0;0;0;0;2023-24
Mario Rui;NAP;20;5.92;5.85;0;0;0 / 0;0;2;5;1;2023-24
Saponara;VER;10;5.85;5.85;0;0;0 / 0;0;0;0;0;2023-24
Pellegri;TOR;17;5.71;5.85;1;0;0 / 0;0;1;3;0;2023-24
Bastoni S.;EMP;13;5.73;5.85;1;0;0 / 0;0;0;3;0;2023-24
Prati;CAG;26;5.77;5.85;1;0;0 / 0;0;1;4;0;2023-24
Petagna;CAG;16;5.66;5.84;1;0;0 / 0;0;1;2;0;2023-24
Urbanski;BOL;19;5.92;5.84;0;0;0 / 0;0;0;3;0;2023-24
Dawidowicz;VER;27;5.93;5.83;0;0;0 / 0;0;0;5;0;2023-24
Cittadini;GEN;3;0.6;5.83;0;0;0 / 0;0;0;1;0;2023-24
Dodo';FIO;6;5.83;5.83;0;0;0 / 0;0;0;0;0;2023-24
Pagano;ROM;3;5.83;5.83;0;0;0 / 0;0;0;0;0;2023-24
Karlsson;BOL;6;5.83;5.83;0;0;0 / 0;0;0;0;0;2023-24
Ankeye;GEN;3;5.83;5.83;0;0;0 / 0;0;0;0;0;2023-24
Martin;GEN;20;5.82;5.82;0;0;0 / 0;0;2;2;1;2023-24
Cabal;VER;19;5.97;5.82;0;0;0 / 0;0;0;6;0;2023-24
Manolas;SAL;8;5.81;5.81;0;0;0 / 0;0;0;0;0;2023-24
Rovella;LAZ;21;5.86;5.81;0;0;0 / 0;0;2;6;0;2023-24
Bove;ROM;29;5.81;5.81;0;0;0 / 0;0;1;2;0;2023-24
Parisi;FIO;21;5.86;5.81;0;0;0 / 0;0;1;4;0;2023-24
Fazzini;EMP;27;5.78;5.81;1;0;0 / 0;0;1;6;0;2023-24
Kristensen;ROM;26;5.79;5.81;1;0;0 / 0;0;2;5;0;2023-24
Ismajli;EMP;25;5.84;0.58;0;0;0 / 0;0;0;2;0;2023-24
Zalewski;ROM;22;5.82;5.8;0;0;0 / 0;0;1;1;1;2023-24
Miretti;JUV;20;5.68;0.58;1;0;0 / 0;0;1;3;0;2023-24
Blin;LEC;28;5.84;5.8;0;0;0 / 0;0;1;4;0;2023-24
Gonzalez J.;LEC;28;5.8;5.8;1;0;0 / 0;0;0;6;0;2023-24
Mitrovic S.;VER;10;0.58;0.58;0;0;0 / 0;0;0;0;0;2023-24
Strootman;GEN;24;5.79;5.79;0;0;0 / 0;0;2;4;0;2023-24
Smalling;ROM;7;5.79;5.79;0;0;0 / 0;0;0;0;0;2023-24
Pongracic;LEC;36;5.93;5.79;0;0;0 / 0;0;0;8;1;2023-24
De Winter;GEN;29;5.9;5.79;0;0;0 / 0;0;1;6;1;2023-24
Ceide;SAS;7;5.79;5.79;0;0;0 / 0;0;0;0;0;2023-24
Gila;LAZ;21;5.88;5.79;0;0;0 / 0;0;0;2;1;2023-24
Lipani;SAS;7;5.79;5.79;0;0;0 / 0;0;0;0;0;2023-24
Kristensen T.;UDI;26;5.83;5.79;0;0;0 / 0;0;1;2;1;2023-24
Bereszynski;EMP;23;5.8;5.78;0;0;0 / 0;0;1;3;0;2023-24
Kalulu;MIL;9;5.78;5.78;0;0;0 / 0;0;0;0;0;2023-24
Perez N.;UDI;36;5.9;5.78;0;0;0 / 0;0;0;7;1;2023-24
Baschirotto;LEC;37;5.82;5.78;0;0;0 / 0;0;1;3;1;2023-24
Dani Silva;VER;9;5.89;5.78;0;0;0 / 0;0;0;2;0;2023-24
Milenkovic;FIO;30;5.83;5.77;0;0;0 / 0;0;0;4;0;2023-24
Tameze;TOR;28;5.82;5.77;0;0;0 / 0;0;2;6;1;2023-24
Valeri;FRO;15;0.58;5.77;0;0;0 / 0;0;1;3;0;2023-24
Mulattieri;SAS;13;5.77;5.77;0;0;0 / 0;0;0;1;0;2023-24
Boloca;SAS;30;0.58;5.77;1;0;0 / 0;0;0;6;1;2023-24
Fazio;SAL;17;5.62;5.76;1;0;0 / 0;0;1;3;0;2023-24
Hateboer;ATA;19;5.82;5.76;0;0;0 / 0;0;1;5;0;2023-24
Lopez M.;FIO;17;5.85;5.76;0;0;0 / 0;0;0;1;1;2023-24
Terracciano F.;MIL;19;5.76;5.76;0;0;0 / 0;0;1;2;0;2023-24
Bondo;MON;25;5.82;5.76;1;0;0 / 0;0;0;9;0;2023-24
Gelli;FRO;21;5.83;5.76;0;0;0 / 0;0;0;3;0;2023-24
Ramadani;LEC;34;5.87;5.76;1;0;0 / 0;0;0;13;0;2023-24
Romagnoli;LAZ;28;5.91;5.75;0;0;0 / 0;0;0;9;0;2023-24
Kean;JUV;14;5.82;5.75;0;0;0 / 0;0;0;2;0;2023-24
Dominguez;BOL;2;5.75;5.75;0;0;0 / 0;0;0;0;0;2023-24
Musah;MIL;26;5.81;5.75;0;0;0 / 0;0;1;5;0;2023-24
Zerbin;MON;16;5.75;5.75;0;0;0 / 0;0;1;0;1;2023-24
Bronn;SAL;2;5.75;5.75;0;0;0 / 0;0;0;0;0;2023-24
Ehizibue;UDI;20;0.58;5.75;0;0;0 / 0;0;1;4;0;2023-24
Gineitis;TOR;10;5.85;5.75;0;0;0 / 0;0;0;2;0;2023-24
Brenner;UDI;6;5.75;5.75;0;0;0 / 0;0;0;0;0;2023-24
Ikwuemesi;SAL;22;5.61;5.75;1;0;0 / 0;0;1;2;0;2023-24
Stewart;SAL;4;5.75;5.75;0;0;0 / 0;0;0;0;0;2023-24
Pierozzi;SAL;12;5.75;5.75;1;0;0 / 0;0;0;6;0;2023-24
Tavsan;VER;2;5.75;5.75;0;0;0 / 0;0;0;0;0;2023-24
Zambo Anguissa;NAP;34;5.71;5.74;0;0;0 / 0;0;2;2;0;2023-24
Weah;JUV;25;0.58;5.74;0;0;0 / 0;0;1;5;0;2023-24
Success;UDI;21;5.81;5.74;1;0;0 / 1;0;1;4;0;2023-24
Rafia;LEC;25;5.78;5.74;1;0;0 / 0;0;0;4;0;2023-24
Tchatchoua;VER;25;5.74;5.74;0;0;0 / 0;0;1;2;0;2023-24
Cerri;EMP;11;5.55;5.73;1;0;0 / 0;0;0;2;0;2023-24
Castillejo;SAS;13;5.81;5.73;0;0;0 / 0;0;0;2;0;2023-24
Celik;ROM;13;5.77;5.73;0;0;0 / 0;0;0;1;0;2023-24
Erlic;SAS;32;5.72;5.73;1;0;0 / 0;0;0;5;0;2023-24
Azzi;CAG;22;5.75;5.73;0;0;0 / 0;0;0;1;0;2023-24
Machin;MON;9;5.83;5.72;0;0;0 / 0;0;0;2;0;2023-24
Pedersen;SAS;23;5.72;5.72;0;0;0 / 0;0;2;4;0;2023-24
Lazzari;LAZ;24;5.75;5.71;0;0;0 / 0;0;2;4;1;2023-24
Pellegrini Lu.;LAZ;17;5.74;5.71;1;0;0 / 0;0;0;5;1;2023-24
Caldirola;MON;29;5.72;5.71;1;0;0 / 0;0;0;5;1;2023-24
Caprari;MON;5;0.57;0.57;0;0;0 / 0;0;0;0;0;2023-24
Shpendi S.;EMP;10;0.57;0.57;0;0;0 / 0;0;0;0;0;2023-24
Grassi;EMP;27;5.83;5.69;0;0;0 / 0;0;1;4;1;2023-24
Bradaric;SAL;34;5.68;5.69;0;0;0 / 0;0;3;5;0;2023-24
Birindelli;MON;34;5.79;5.69;0;0;0 / 0;0;0;7;0;2023-24
Simeone;NAP;17;5.59;5.68;1;0;0 / 0;0;0;3;0;2023-24
Marusic;LAZ;37;5.66;5.68;1;0;0 / 0;0;0;3;1;2023-24
Okoli;FRO;34;5.78;5.68;0;0;0 / 0;0;1;9;0;2023-24
Di Pardo;CAG;11;5.68;5.68;0;0;0 / 0;0;0;0;0;2023-24
Hongla;VER;14;5.68;5.68;0;0;0 / 0;0;0;0;0;2023-24
Viti;SAS;14;5.61;5.68;1;0;0 / 0;0;0;0;0;2023-24
Cacace;EMP;28;5.75;5.68;0;0;0 / 0;0;1;6;0;2023-24
Ferreira J.;UDI;31;5.79;5.68;0;0;0 / 0;0;1;9;0;2023-24
Masina;TOR;15;5.73;5.67;0;0;0 / 0;0;0;2;0;2023-24
Hysaj;LAZ;21;5.71;5.67;0;0;0 / 0;0;0;2;0;2023-24
Krunic;MIL;9;5.83;5.67;0;0;0 / 0;0;0;3;0;2023-24
Perin;JUV;3;0.6;5.67;0;1;0 / 0;0;0;0;0;2023-24
D'Ambrosio;MON;23;5.78;5.67;0;0;0 / 0;0;0;3;1;2023-24
Bonifazi;FRO;6;5.67;5.67;0;0;0 / 0;0;0;0;0;2023-24
Boateng J.;SAL;6;5.67;5.67;0;0;0 / 0;0;0;0;0;2023-24
Romero L.;MIL;3;5.83;5.67;0;0;0 / 0;0;0;1;0;2023-24
Seck;FRO;15;0.57;5.67;0;0;0 / 0;0;0;1;0;2023-24
Di Gregorio;MON;33;6.55;5.67;0;35;0 / 0;2;0;0;0;2023-24
Makoumbou;CAG;32;5.69;5.67;1;0;0 / 0;0;0;3;2;2023-24
Cruz;VER;3;5.67;5.67;0;0;0 / 0;0;0;0;0;2023-24
Pereira P.;MON;19;5.68;5.66;0;0;0 / 0;0;1;3;0;2023-24
Sabelli;GEN;32;5.7;5.66;0;0;0 / 0;0;1;5;0;2023-24
Doig;SAS;28;5.71;5.66;0;0;0 / 0;0;2;7;0;2023-24
Destro;EMP;13;5.73;5.65;0;0;0 / 0;0;0;2;0;2023-24
Sommer;INT;34;6.13;5.65;0;19;0 / 0;1;0;1;0;2023-24
Walukiewicz;EMP;27;5.76;5.65;0;0;0 / 0;0;0;6;0;2023-24
Serdar;VER;23;5.76;5.65;0;0;0 / 0;0;1;7;0;2023-24
Izzo;MON;21;5.83;5.64;0;0;0 / 0;0;0;9;0;2023-24
Bohinen;GEN;14;5.68;5.64;0;0;0 / 0;0;0;1;0;2023-24
Ebuehi;EMP;15;5.57;5.63;0;0;0 / 0;0;1;0;0;2023-24
Traore' Hj.;NAP;8;5.69;5.62;0;0;0 / 0;0;0;1;0;2023-24
Soppy;TOR;4;5.62;5.62;0;0;0 / 0;0;0;0;0;2023-24
Hefti;GEN;4;5.62;5.62;0;0;0 / 0;0;0;0;0;2023-24
Ghedjemis;FRO;4;5.75;5.62;0;0;0 / 0;0;0;1;0;2023-24
Gyasi;EMP;29;5.57;5.6;1;0;0 / 0;0;2;9;0;2023-24
Casale;LAZ;20;5.72;0.56;0;0;0 / 0;0;0;5;0;2023-24
Gomis I.;SAL;5;0.56;0.56;0;0;0 / 0;0;0;0;0;2023-24
Toloi;ATA;16;5.78;5.59;0;0;0 / 0;0;0;4;1;2023-24
Cajuste;NAP;22;5.7;5.59;0;0;0 / 0;0;1;7;0;2023-24
Zanoli;SAL;18;5.67;5.58;0;0;0 / 0;0;2;4;0;2023-24
Linetty;TOR;28;5.79;5.57;0;0;0 / 0;0;0;12;0;2023-24
Obiang;SAS;7;5.64;5.57;0;0;0 / 0;0;0;1;0;2023-24
Mboula;VER;7;5.43;5.57;0;0;0 / 0;0;1;0;0;2023-24
Juan Jesus;NAP;24;5.58;5.56;1;0;0 / 0;0;0;7;0;2023-24
Faraoni;FIO;17;5.65;5.56;0;0;0 / 0;0;1;5;0;2023-24
Ferrari G.;SAS;27;5.52;5.56;1;0;0 / 0;0;0;4;0;2023-24
Pirola;SAL;25;5.52;5.56;1;0;0 / 0;0;0;4;0;2023-24
Ranocchia F.;EMP;9;5.72;5.56;0;0;0 / 0;0;0;3;0;2023-24
Sazonov;TOR;8;5.62;5.56;0;0;0 / 0;0;0;2;0;2023-24
Garritano;FRO;10;0.56;5.55;0;0;0 / 0;0;0;1;0;2023-24
Goldaniga;CAG;13;5.65;5.54;0;0;0 / 0;0;0;3;0;2023-24
Maleh;EMP;34;5.68;5.54;0;0;0 / 0;0;1;11;0;2023-24
Natan;NAP;13;5.65;5.54;0;0;0 / 0;0;0;1;1;2023-24
Deiola;CAG;22;5.64;5.52;1;0;0 / 0;0;0;7;0;2023-24
Lovato;TOR;22;5.59;5.52;0;0;0 / 0;0;0;3;0;2023-24
Kaba;LEC;22;5.61;5.52;0;0;0 / 0;0;0;2;1;2023-24
De Sciglio;JUV;1;0.55;0.55;0;0;0 / 0;0;0;0;0;2023-24
Haas;EMP;1;0.6;0.55;0;0;0 / 0;0;0;1;0;2023-24
Mazzocchi;NAP;26;5.54;0.55;0;0;0 / 0;0;2;4;1;2023-24
Beto;UDI;1;0.55;0.55;0;0;0 / 0;0;0;0;0;2023-24
Svilar;ROM;15;0.66;0.55;0;19;0 / 0;1;0;1;0;2023-24
Solbakken;ROM;1;0.55;0.55;0;0;0 / 0;0;0;0;0;2023-24
Missori;SAS;6;0.55;0.55;0;0;0 / 0;0;0;0;0;2023-24
Amatucci;FIO;1;0.55;0.55;0;0;0 / 0;0;0;0;0;2023-24
Borrelli;FRO;1;0.55;0.55;0;0;0 / 0;0;0;0;0;2023-24
Infantino;FIO;3;5.67;0.55;0;0;0 / 0;0;0;1;0;2023-24
Wieteska;CAG;15;5.57;0.55;0;0;0 / 0;0;1;2;1;2023-24
Ebosele;UDI;30;5.57;5.47;0;0;0 / 0;0;0;4;1;2023-24
Akpa Akpro;MON;14;5.64;5.46;0;0;0 / 0;0;0;5;0;2023-24
Pezzella Giu.;EMP;17;5.56;5.44;0;0;0 / 0;0;0;4;0;2023-24
Amione;VER;8;5.56;5.44;0;0;0 / 0;0;0;2;0;2023-24
Szczesny;JUV;35;6.21;5.43;0;30;0 / 0;1;0;1;0;2023-24
Coulibaly L.;SAL;27;0.55;5.43;0;0;0 / 0;0;0;5;0;2023-24
Obert;CAG;14;5.46;5.43;0;0;0 / 0;0;0;1;0;2023-24
Venuti;LEC;6;0.55;5.42;0;0;0 / 0;0;0;1;0;2023-24
Legowski;SAL;24;5.48;5.42;0;0;0 / 0;0;0;3;0;2023-24
Touba;LEC;6;0.55;5.42;0;0;0 / 0;0;0;1;0;2023-24
Skorupski;BOL;32;6.25;5.41;0;29;0 / 0;1;0;2;0;2023-24
Terracciano;FIO;33;6.42;5.41;0;35;0 / 0;1;0;3;0;2023-24
Carnesecchi;ATA;27;6.28;5.39;0;30;0 / 0;2;0;0;0;2023-24
Basic;SAL;14;5.57;5.39;0;0;0 / 0;0;0;5;0;2023-24
Puscas;GEN;4;5.38;5.38;0;0;0 / 0;0;0;0;0;2023-24
Hatzidiakos;CAG;13;5.42;5.38;0;0;0 / 0;0;0;1;0;2023-24
Mandas;LAZ;8;6.12;5.38;0;6;0 / 0;0;0;0;0;2023-24
Vina;SAS;15;5.47;5.37;0;0;0 / 0;0;3;1;0;2023-24
Pasalidis;SAL;7;0.55;5.36;0;0;0 / 0;0;0;3;0;2023-24
Pellegrino;SAL;10;0.54;5.35;0;0;0 / 0;0;0;1;0;2023-24
Milinkovic-Savic V.;TOR;36;6.17;5.28;0;31;0 / 0;0;0;2;0;2023-24
Leali;GEN;2;0.65;5.25;0;2;0 / 0;0;0;1;0;2023-24
Audero;INT;4;0.6;5.25;0;3;0 / 0;0;0;0;0;2023-24
Thiaw;MIL;20;5.52;5.25;0;0;0 / 0;0;0;5;1;2023-24
Caprile;EMP;23;6.28;5.24;0;27;0 / 0;1;0;0;0;2023-24
Daniliuc;SAL;11;5.27;5.18;0;0;0 / 0;0;0;2;0;2023-24
Provedel;LAZ;30;6.22;5.12;0;33;0 / 0;0;0;0;0;2023-24
Bourabia;FRO;5;0.52;0.51;0;0;0 / 0;0;0;1;0;2023-24
Botheim;SAL;5;0.52;0.51;0;0;0 / 0;0;0;1;0;2023-24
Gyomber;SAL;22;5.39;5.09;0;0;0 / 0;0;0;9;0;2023-24
Tressoldi;SAS;22;5.25;5.09;0;0;0 / 0;0;0;5;1;2023-24
Meret;NAP;31;6.13;5.03;0;40;0 / 0;2;0;0;0;2023-24
Perilli;VER;1;0.7;0.5;0;2;0 / 0;0;0;0;0;2023-24
Aresti;CAG;1;0.6;0.5;0;1;0 / 0;0;0;0;0;2023-24
Musso;ATA;11;6.09;0.5;0;12;0 / 0;0;0;0;0;2023-24
Jagiello;GEN;1;0.5;0.5;0;0;0 / 0;0;0;0;0;2023-24
Okoye;UDI;21;6.24;0.5;0;25;0 / 0;0;0;2;0;2023-24
Montipo';VER;37;6.31;4.99;0;49;0 / 0;0;0;0;0;2023-24
Martinez Jo.;GEN;36;6.12;4.96;0;43;0 / 0;1;0;2;1;2023-24
Gollini;NAP;7;6.07;4.93;0;8;0 / 0;0;0;0;0;2023-24
Maignan;MIL;29;6.12;4.93;0;34;0 / 0;0;1;1;1;2023-24
Kumbulla;SAS;6;5.33;4.92;0;0;0 / 0;0;0;1;0;2023-24
Falcone;LEC;38;6.24;4.89;0;54;0 / 0;1;0;0;0;2023-24
Matturro;GEN;3;0.55;4.83;0;0;0 / 0;0;0;0;0;2023-24
Mateus Lusuardi;FRO;3;0.5;4.83;0;0;0 / 0;0;0;1;0;2023-24
Rui Patricio;ROM;23;0.6;4.8;0;27;0 / 0;0;0;1;0;2023-24
Mirante;MIL;2;6.25;4.75;0;3;0 / 0;0;0;0;0;2023-24
Berisha;EMP;14;6.14;4.57;0;25;0 / 0;1;0;0;0;2023-24
Sportiello;MIL;7;6.07;0.45;0;11;0 / 0;0;0;0;0;2023-24
Donati;MON;1;0.5;0.45;0;0;0 / 0;0;0;1;0;2023-24
Martinelli T.;FIO;1;0.65;0.45;0;2;0 / 0;0;0;0;0;2023-24
Nava;MIL;1;0.55;0.45;0;1;0 / 0;0;0;0;0;2023-24
Jimenez A.;MIL;1;0.5;0.45;0;0;0 / 0;0;0;1;0;2023-24
Turati;FRO;31;6.19;4.42;0;58;0 / 0;1;0;0;0;2023-24
Scuffet;CAG;31;6.1;4.27;0;55;0 / 0;0;0;3;0;2023-24
Consigli;SAS;35;6.13;4.26;0;68;0 / 0;1;0;1;0;2023-24
Silvestri;UDI;17;5.88;4.24;0;28;0 / 0;0;0;0;0;2023-24
Cerofolini;FRO;8;5.88;4.19;0;11;0 / 0;0;0;1;0;2023-24
Ochoa;SAL;21;6.26;4.17;0;44;0 / 0;0;0;0;0;2023-24
Radunovic;CAG;7;5.71;0.4;0;12;0 / 0;0;0;0;0;2023-24
Mancosu;CAG;3;0.5;0.4;0;0;0 / 1;0;0;0;0;2023-24
Nonge;JUV;1;0.45;0.4;0;0;0 / 0;0;0;1;0;2023-24
Costil;SAL;13;6.19;3.96;0;29;0 / 0;0;0;0;0;2023-24
Sorrentino A.;MON;7;6.07;3.79;0;16;0 / 0;0;0;0;0;2023-24
Fiorillo;SAL;4;5.88;3.75;0;8;0 / 0;0;0;1;0;2023-24
Cragno;SAS;3;0.6;3.67;0;7;0 / 0;0;0;0;0;2023-24
Christensen O.;FIO;4;0.55;3.25;0;9;0 / 0;0;0;0;0;2023-24
Perisan;EMP;1;0.5;0.3;0;2;0 / 0;0;0;0;0;2023-24
Gemello;TOR;2;0.5;0.25;0;5;0 / 0;0;0;0;0;2023-24
D'Alessandro;MON;0;0.0;0.0;0;0;0 / 0;0;0;0;0;2023-24
Lasagna;VER;0;0.0;0.0;0;0;0 / 0;0;0;0;0;2023-24
Dermaku;LEC;0;0.0;0.0;0;0;0 / 0;0;0;0;0;2023-24
Tonelli;EMP;0;0.0;0.0;0;0;0 / 0;0;0;0;0;2023-24
Sepe;LAZ;0;0.0;0.0;0;0;0 / 0;0;0;0;0;2023-24
Lamanna;MON;0;0.0;0.0;0;0;0 / 0;0;0;0;0;2023-24
Sommariva;GEN;0;0.0;0.0;0;0;0 / 0;0;0;0;0;2023-24
Bonucci;JUV;0;0.0;0.0;0;0;0 / 0;0;0;0;0;2023-24
Verdi;TOR;0;0.0;0.0;0;0;0 / 0;0;0;0;0;2023-24
Capradossi;CAG;0;0.0;0.0;0;0;0 / 0;0;0;0;0;2023-24
Correa;INT;0;0.0;0.0;0;0;0 / 0;0;0;0;0;2023-24
Pegolo;SAS;0;0.0;0.0;0;0;0 / 0;0;0;0;0;2023-24
Padelli;UDI;0;0.0;0.0;0;0;0 / 0;0;0;0;0;2023-24
Benassi;FIO;0;0.0;0.0;0;0;0 / 0;0;0;0;0;2023-24
Pajac;GEN;0;0.0;0.0;0;0;0 / 0;0;0;0;0;2023-24
Ceccherini;VER;0;0.0;0.0;0;0;0 / 0;0;0;0;0;2023-24
Aramu;GEN;0;0.0;0.0;0;0;0 / 0;0;0;0;0;2023-24
Rog;CAG;0;0.0;0.0;0;0;0 / 0;0;0;0;0;2023-24
Deulofeu;UDI;0;0.0;0.0;0;0;0 / 0;0;0;0;0;2023-24
Melegoni;GEN;0;0.0;0.0;0;0;0 / 0;0;0;0;0;2023-24
Latte Lath;ATA;0;0.0;0.0;0;0;0 / 0;0;0;0;0;2023-24
Coulibaly M.;SAL;0;0.0;0.0;0;0;0 / 0;0;0;0;0;2023-24
Gosens;INT;0;0.0;0.0;0;0;0 / 0;0;0;0;0;2023-24
Coda M.;GEN;0;0.0;0.0;0;0;0 / 0;0;0;0;0;2023-24
Valoti;MON;0;0.0;0.0;0;0;0 / 0;0;0;0;0;2023-24
Crociata;EMP;0;0.0;0.0;0;0;0 / 0;0;0;0;0;2023-24
Rossi F.;ATA;0;0.0;0.0;0;0;0 / 0;0;0;0;0;2023-24
Rogerio;SAS;0;0.0;0.0;0;0;0 / 0;0;0;0;0;2023-24
Origi;MIL;0;0.0;0.0;0;0;0 / 0;0;0;0;0;2023-24
Matic;ROM;0;0.0;0.0;0;0;0 / 0;0;0;0;0;2023-24
Barrow;BOL;0;0.0;0.0;0;0;0 / 0;0;0;0;0;2023-24
Bettella;MON;0;0.0;0.0;0;0;0 / 0;0;0;0;0;2023-24
Gunter;VER;0;0.0;0.0;0;0;0 / 0;0;0;0;0;2023-24
Frattali;FRO;0;0.0;0.0;0;0;0 / 0;0;0;0;0;2023-24
Ibanez;ROM;0;0.0;0.0;0;0;0 / 0;0;0;0;0;2023-24
Demiral;ATA;0;0.0;0.0;0;0;0 / 0;0;0;0;0;2023-24
Brancolini;LEC;0;0.0;0.0;0;0;0 / 0;0;0;0;0;2023-24
Schouten;BOL;0;0.0;0.0;0;0;0 / 0;0;0;0;0;2023-24
Esposito Se.;INT;0;0.0;0.0;0;0;0 / 0;0;0;0;0;2023-24
Bleve;LEC;0;0.0;0.0;0;0;0 / 0;0;0;0;0;2023-24
Berardi A.;VER;0;0.0;0.0;0;0;0 / 0;0;0;0;0;2023-24
Henderson L.;EMP;0;0.0;0.0;0;0;0 / 0;0;0;0;0;2023-24
Lozano;NAP;0;0.0;0.0;0;0;0 / 0;0;0;0;0;2023-24
Amrabat;FIO;0;0.0;0.0;0;0;0 / 0;0;0;0;0;2023-24
Soumaoro;BOL;0;0.0;0.0;0;0;0 / 0;0;0;0;0;2023-24
Singo;TOR;0;0.0;0.0;0;0;0 / 0;0;0;0;0;2023-24
Ballo-Toure';MIL;0;0.0;0.0;0;0;0 / 0;0;0;0;0;2023-24
Ake' M.;UDI;0;0.0;0.0;0;0;0 / 0;0;0;0;0;2023-24
Boer;ROM;0;0.0;0.0;0;0;0 / 0;0;0;0;0;2023-24
Maehle;ATA;0;0.0;0.0;0;0;0 / 0;0;0;0;0;2023-24
Kokorin;FIO;0;0.0;0.0;0;0;0 / 0;0;0;0;0;2023-24
Braaf;VER;0;0.0;0.0;0;0;0 / 0;0;0;0;0;2023-24
Antov;MON;0;0.0;0.0;0;0;0 / 0;0;0;0;0;2023-24
Amey;BOL;0;0.0;0.0;0;0;0 / 0;0;0;0;0;2023-24
Raimondo;BOL;0;0.0;0.0;0;0;0 / 0;0;0;0;0;2023-24
Kallon;VER;0;0.0;0.0;0;0;0 / 0;0;0;0;0;2023-24
Altare;CAG;0;0.0;0.0;0;0;0 / 0;0;0;0;0;2023-24
Stojanovic;EMP;0;0.0;0.0;0;0;0 / 0;0;0;0;0;2023-24
Adamonis;LAZ;0;0.0;0.0;0;0;0 / 0;0;0;0;0;2023-24
Piana;UDI;0;0.0;0.0;0;0;0 / 0;0;0;0;0;2023-24
Pyyhtia;BOL;0;0.0;0.0;0;0;0 / 0;0;0;0;0;2023-24
Kourfalidis;CAG;0;0.0;0.0;0;0;0 / 0;0;0;0;0;2023-24
Cabral;FIO;0;0.0;0.0;0;0;0 / 0;0;0;0;0;2023-24
Sabiri;FIO;0;0.0;0.0;0;0;0 / 0;0;0;0;0;2023-24
Bagnolini;BOL;0;0.0;0.0;0;0;0 / 0;0;0;0;0;2023-24
Pafundi;UDI;0;0.0;0.0;0;0;0 / 0;0;0;0;0;2023-24
Luis Maximiano;LAZ;0;0.0;0.0;0;0;0 / 0;0;0;0;0;2023-24
Marcos Antonio;LAZ;0;0.0;0.0;0;0;0 / 0;0;0;0;0;2023-24
Ceesay;LEC;0;0.0;0.0;0;0;0 / 0;0;0;0;0;2023-24
Voelkerling Persson;LEC;0;0.0;0.0;0;0;0 / 0;0;0;0;0;2023-24
Valencia D.;SAL;0;0.0;0.0;0;0;0 / 0;0;0;0;0;2023-24
Alvarez A.;SAS;0;0.0;0.0;0;0;0 / 0;0;0;0;0;2023-24
Hjulmand;LEC;0;0.0;0.0;0;0;0 / 0;0;0;0;0;2023-24
Helgason;LEC;0;0.0;0.0;0;0;0 / 0;0;0;0;0;2023-24
Rodriguez P.;LEC;0;0.0;0.0;0;0;0 / 0;0;0;0;0;2023-24
Hrustic;VER;0;0.0;0.0;0;0;0 / 0;0;0;0;0;2023-24
Ebosse;UDI;0;0.0;0.0;0;0;0 / 0;0;0;0;0;2023-24
Ilkhan;TOR;0;0.0;0.0;0;0;0 / 0;0;0;0;0;2023-24
Degli Innocenti;EMP;0;0.0;0.0;0;0;0 / 0;0;0;0;0;2023-24
Ekong;EMP;0;0.0;0.0;0;0;0 / 0;0;0;0;0;2023-24
Abankwah;UDI;0;0.0;0.0;0;0;0 / 0;0;0;0;0;2023-24
Sosa;BOL;0;0.0;0.0;0;0;0 / 0;0;0;0;0;2023-24
Guarino;EMP;0;0.0;0.0;0;0;0 / 0;0;0;0;0;2023-24
Carboni F.;MON;0;0.0;0.0;0;0;0 / 0;0;0;0;0;2023-24
Faticanti;LEC;0;0.0;0.0;0;0;0 / 0;0;0;0;0;2023-24
Pisilli;ROM;0;0.0;0.0;0;0;0 / 0;0;0;0;0;2023-24
Belardinelli;EMP;0;0.0;0.0;0;0;0 / 0;0;0;0;0;2023-24
Flamingo;SAS;0;0.0;0.0;0;0;0 / 0;0;0;0;0;2023-24
Popa;TOR;0;0.0;0.0;0;0;0 / 0;0;0;0;0;2023-24
Camara E.;UDI;0;0.0;0.0;0;0;0 / 0;0;0;0;0;2023-24
Smajlovic;LEC;0;0.0;0.0;0;0;0 / 0;0;0;0;0;2023-24
Lella;CAG;0;0.0;0.0;0;0;0 / 0;0;0;0;0;2023-24
Stubljar;EMP;0;0.0;0.0;0;0;0 / 0;0;0;0;0;2023-24
Szyminski;FRO;0;0.0;0.0;0;0;0 / 0;0;0;0;0;2023-24
Klitten;FRO;0;0.0;0.0;0;0;0 / 0;0;0;0;0;2023-24
Haoudi;FRO;0;0.0;0.0;0;0;0 / 0;0;0;0;0;2023-24
Bidaoui;FRO;0;0.0;0.0;0;0;0 / 0;0;0;0;0;2023-24
Yalcin;GEN;0;0.0;0.0;0;0;0 / 0;0;0;0;0;2023-24
Stankovic F.;INT;0;0.0;0.0;0;0;0 / 0;0;0;0;0;2023-24
Diaw;MON;0;0.0;0.0;0;0;0 / 0;0;0;0;0;2023-24
Saco;NAP;0;0.0;0.0;0;0;0 / 0;0;0;0;0;2023-24
N'Guessan;TOR;0;0.0;0.0;0;0;0 / 0;0;0;0;0;2023-24
Joselito;VER;0;0.0;0.0;0;0;0 / 0;0;0;0;0;2023-24
Gori;MON;0;0.0;0.0;0;0;0 / 0;0;0;0;0;2023-24
Gonzalez F.;JUV;0;0.0;0.0;0;0;0 / 0;0;0;0;0;2023-24
Borbei;LEC;0;0.0;0.0;0;0;0 / 0;0;0;0;0;2023-24
Palmisani;FRO;0;0.0;0.0;0;0;0 / 0;0;0;0;0;2023-24
Corfitzen;LEC;0;0.0;0.0;0;0;0 / 0;0;0;0;0;2023-24
Kalaj;FRO;0;0.0;0.0;0;0;0 / 0;0;0;0;0;2023-24
Gasperini T.;BOL;0;0.0;0.0;0;0;0 / 0;0;0;0;0;2023-24
Camarda;MIL;0;0.0;0.0;0;0;0 / 0;0;0;0;0;2023-24
Samooja;LEC;0;0.0;0.0;0;0;0 / 0;0;0;0;0;2023-24
Goglichidze;EMP;0;0.0;0.0;0;0;0 / 0;0;0;0;0;2023-24
Ilic M.;BOL;0;0.0;0.0;0;0;0 / 0;0;0;0;0;2023-24
Popovic;MON;0;0.0;0.0;0;0;0 / 0;0;0;0;0;2023-24
Stolz;GEN;0;0.0;0.0;0;0;0 / 0;0;0;0;0;2023-24
Kabic;TOR;0;0.0;0.0;0;0;0 / 0;0;0;0;0;2023-24
Osimhen;NAP;32;6.73;9.14;26;0;2 / 3;0;4;4;0;2022-23
Dybala;ROM;25;6.58;8.18;12;0;5 / 5;0;6;4;0;2022-23
Martinez L.;INT;37;6.39;8.14;21;0;1 / 2;0;6;3;0;2022-23
Berardi;SAS;25;6.48;7.94;12;0;7 / 8;0;7;7;0;2022-23
Kvaratskhelia;NAP;34;6.59;7.93;12;0;2 / 2;0;10;1;0;2022-23
Dia;SAL;33;6.33;7.88;16;0;1 / 1;0;5;4;0;2022-23
Lookman;ATA;30;6.38;7.83;13;0;3 / 3;0;6;3;0;2022-23
Leao;MIL;34;6.35;7.78;15;0;0 / 0;0;7;5;1;2022-23
Antiste;SAS;2;6.25;7.75;1;0;0 / 0;0;0;0;0;2022-23
Lukaku;INT;25;6.22;7.64;10;0;2 / 2;0;6;1;0;2022-23
Arnautovic;BOL;21;6.29;7.64;10;0;3 / 3;0;1;5;0;2022-23
Sanabria;TOR;31;6.27;7.52;12;0;1 / 1;0;4;4;0;2022-23
Nzola;SPE;31;6.19;7.39;13;0;3 / 3;0;2;8;0;2022-23
Immobile;LAZ;30;6.17;7.38;12;0;4 / 5;0;5;3;0;2022-23
Zaccagni;LAZ;35;6.46;7.36;10;0;1 / 1;0;6;9;0;2022-23
Giroud;MIL;33;6.18;7.36;13;0;3 / 3;0;4;6;1;2022-23
Cabral;FIO;21;6.19;7.29;8;0;2 / 2;0;1;4;0;2022-23
DZEKO;INT;29;6.16;7.14;9;0;0 / 0;0;3;3;0;2022-23
Lauriente';SAS;28;6.34;7.12;7;0;1 / 1;0;6;8;1;2022-23
Simeone;NAP;14;6.21;7.11;4;0;0 / 0;0;1;1;0;2022-23
Vlahovic;JUV;25;5.96;7.06;10;0;2 / 3;0;1;1;0;2022-23
Koopmeiners;ATA;33;6.29;7.06;10;0;2 / 4;0;5;7;0;2022-23
Orsolini;BOL;32;6.11;7.05;11;0;3 / 3;0;2;6;2;2022-23
Sansone;BOL;15;6.17;7.03;4;0;0 / 0;0;2;2;0;2022-23
Hojlund;ATA;30;6.08;7.03;9;0;0 / 0;0;2;1;0;2022-23
El Shaarawy;ROM;27;6.26;7.02;7;0;0 / 0;0;1;3;0;2022-23
MILINKOVIC-SAVIC;LAZ;36;6.18;7.01;9;0;0 / 0;0;8;10;0;2022-23
CORDAZ;INT;1;0.7;0.7;0;0;0 / 0;0;0;0;0;2022-23
Rabiot;JUV;32;6.22;6.95;8;0;0 / 0;0;4;9;0;2022-23
Deulofeu;UDI;16;6.25;6.91;2;0;0 / 0;0;5;1;0;2022-23
Felipe Anderson;LAZ;38;6.14;6.89;9;0;0 / 0;0;3;3;0;2022-23
Boga;ATA;16;6.19;6.88;2;0;0 / 0;0;5;0;0;2022-23
Gaetano;NAP;4;6.12;6.88;1;0;0 / 0;0;0;0;0;2022-23
Romero L.;LAZ;4;6.12;6.88;1;0;0 / 0;0;0;0;0;2022-23
Ferguson;BOL;31;6.26;6.87;7;0;0 / 0;0;0;4;0;2022-23
Cambiaghi;EMP;25;0.62;6.86;6;0;0 / 0;0;1;3;1;2022-23
CIOFANI D.;CRE;24;0.6;6.85;8;0;3 / 4;0;0;1;0;2022-23
Luis Alberto;LAZ;34;6.26;6.85;6;0;1 / 2;0;7;4;0;2022-23
Beto;UDI;33;5.94;6.85;10;0;1 / 1;0;1;2;0;2022-23
Ciurria;MON;35;6.21;6.84;6;0;0 / 0;0;6;4;0;2022-23
Barella;INT;35;6.23;6.83;6;0;0 / 0;0;6;6;0;2022-23
Abraham;ROM;36;6.1;6.82;8;0;0 / 0;0;3;2;0;2022-23
Gonzalez N.;FIO;22;6.05;6.8;6;0;2 / 2;0;0;3;0;2022-23
Carlos Augusto;MON;35;6.19;6.79;6;0;0 / 0;0;5;4;0;2022-23
Ngonge;VER;12;6.04;6.79;3;0;0 / 0;0;1;2;0;2022-23
Lazovic;VER;30;6.22;6.78;4;0;0 / 0;0;5;0;0;2022-23
Strefezza;LEC;34;6.12;6.78;8;0;2 / 3;0;4;5;0;2022-23
Diaz B.;MIL;33;6.11;6.76;6;0;0 / 0;0;5;3;0;2022-23
Vlasic;TOR;34;6.16;6.76;5;0;0 / 0;0;6;1;0;2022-23
Miranchuk;TOR;28;6.14;6.75;4;0;0 / 0;0;5;0;0;2022-23
Volpato;ROM;6;6.08;6.75;1;0;0 / 0;0;1;0;0;2022-23
Vignato S.;MON;2;6.25;6.75;0;0;0 / 0;0;1;0;0;2022-23
Candreva;SAL;35;6.07;6.74;7;0;0 / 0;0;4;1;1;2022-23
Karamoh;TOR;16;6.03;6.72;4;0;0 / 0;0;0;2;0;2022-23
Frattesi;SAS;36;6.19;6.72;7;0;0 / 0;0;0;4;0;2022-23
Dimarco;INT;33;6.23;6.71;4;0;0 / 0;0;4;0;0;2022-23
Posch;BOL;30;6.13;0.67;6;0;0 / 0;0;2;6;0;2022-23
Milik;JUV;27;6.04;6.69;7;0;0 / 1;0;1;1;1;2022-23
Colpani;MON;24;6.17;6.69;4;0;0 / 0;0;1;1;0;2022-23
Bonaventura;FIO;28;6.2;6.66;5;0;0 / 0;0;1;4;1;2022-23
DI MARIA;JUV;25;6.08;6.66;4;0;1 / 1;0;4;1;1;2022-23
Elmas;NAP;34;6.12;6.66;6;0;1 / 1;0;3;5;0;2022-23
Wijnaldum;ROM;10;6.05;6.65;2;0;0 / 0;0;0;0;0;2022-23
Calhanoglu;INT;33;6.26;6.64;3;0;1 / 1;0;5;3;0;2022-23
Jese';SAM;7;6.07;6.64;1;0;0 / 0;0;1;0;0;2022-23
Samardzic;UDI;33;6.11;6.64;5;0;0 / 0;0;3;1;0;2022-23
Verdi;VER;23;6.02;6.63;5;0;1 / 1;0;0;3;0;2022-23
IBRAHIMOVIC;MIL;4;5.88;6.62;1;0;1 / 1;0;0;0;0;2022-23
Lovric;UDI;37;6.09;6.61;5;0;0 / 0;0;6;4;0;2022-23
Zielinski;NAP;37;6.18;6.59;3;0;0 / 0;0;8;3;0;2022-23
Mota;MON;29;6.03;6.59;5;0;0 / 0;0;2;2;0;2022-23
Baldanzi;EMP;26;6.15;6.58;4;0;0 / 0;0;0;2;0;2022-23
Pessina;MON;35;6.14;6.57;5;0;3 / 3;0;3;6;0;2022-23
Kouame';FIO;28;6.05;6.57;4;0;0 / 0;0;5;5;0;2022-23
Di Lorenzo;NAP;37;6.24;6.57;3;0;0 / 0;0;4;2;0;2022-23
Pereyra;UDI;34;6.13;6.56;5;0;0 / 1;0;6;7;0;2022-23
Dessers;CRE;26;5.96;6.56;6;0;0 / 1;0;2;3;0;2022-23
Iling Junior;JUV;8;6.12;6.56;1;0;0 / 0;0;1;1;0;2022-23
Zappacosta;ATA;21;6.02;6.55;4;0;0 / 0;0;1;4;0;2022-23
NESTOROVSKI;UDI;11;5.95;6.55;2;0;0 / 0;0;1;3;0;2022-23
Chiesa;JUV;21;6.07;6.55;2;0;0 / 0;0;5;2;0;2022-23
Saponara;FIO;26;6.04;6.54;4;0;0 / 0;0;3;4;0;2022-23
Smalling;ROM;32;6.33;6.53;3;0;0 / 0;0;1;7;0;2022-23
Fagioli;JUV;23;6.07;6.52;3;0;0 / 0;0;3;3;0;2022-23
Ebuehi;EMP;25;6.12;6.52;2;0;0 / 0;0;4;0;0;2022-23
Perilli;VER;1;0.65;0.65;0;0;0 / 0;0;0;0;0;2022-23
Kean;JUV;22;5.84;0.65;6;0;0 / 0;0;0;5;1;2022-23
Pellegri;TOR;11;0.6;0.65;2;0;0 / 0;0;1;3;0;2022-23
Sirigu;FIO;1;0.65;0.65;0;0;0 / 0;0;0;0;0;2022-23
Pedro;LAZ;35;6.09;0.65;4;0;0 / 0;0;3;1;0;2022-23
Castrovilli;FIO;12;6.04;0.65;2;0;0 / 0;0;1;3;0;2022-23
Messias;MIL;25;5.88;0.65;5;0;0 / 0;0;2;3;0;2022-23
Bastoni S.;SPE;18;6.14;0.65;2;0;0 / 0;0;4;7;0;2022-23
Petagna;MON;31;5.97;6.48;4;0;1 / 1;0;5;2;0;2022-23
Jovic;FIO;27;5.91;6.48;6;0;0 / 1;0;2;3;0;2022-23
Tonali;MIL;33;6.2;6.48;2;0;0 / 0;0;7;7;0;2022-23
Doig;VER;21;6.02;6.48;2;0;0 / 0;0;4;1;0;2022-23
Danilo;JUV;37;6.22;6.47;3;0;0 / 0;0;3;5;0;2022-23
Dominguez;BOL;31;6.27;6.47;3;0;0 / 0;0;2;10;0;2022-23
Zirkzee;BOL;17;6.06;6.47;2;0;0 / 0;0;2;2;0;2022-23
Okereke;CRE;33;5.89;6.47;7;0;1 / 1;0;0;4;0;2022-23
BROZOVIC;INT;26;6.1;6.46;3;0;0 / 0;0;5;9;0;2022-23
Zambo Anguissa;NAP;36;6.11;6.46;3;0;0 / 0;0;5;3;0;2022-23
Malinovskyi;ATA;12;6.08;6.46;1;0;0 / 0;0;2;2;0;2022-23
Kostic;JUV;36;5.97;6.46;3;0;0 / 0;0;10;3;0;2022-23
Ceesay;LEC;30;5.88;6.45;6;0;1 / 1;0;0;2;0;2022-23
Pellegrini Lo.;ROM;32;6.08;6.44;4;0;2 / 3;0;5;5;0;2022-23
Politano;NAP;24;6.12;6.44;3;0;2 / 3;0;2;1;0;2022-23
Ranocchia F.;MON;12;6.17;6.42;1;0;0 / 0;0;0;1;0;2022-23
Mario Rui;NAP;22;6.27;6.41;0;0;0 / 0;0;5;2;1;2022-23
Mazzocchi;SAL;27;6.11;6.41;2;0;0 / 0;0;3;2;0;2022-23
Udogie;UDI;33;6.08;6.39;3;0;0 / 0;0;4;5;0;2022-23
Kim;NAP;35;6.23;6.39;2;0;0 / 0;0;2;5;0;2022-23
Sensi;MON;28;6.16;6.38;3;0;0 / 0;0;1;8;0;2022-23
Lobotka;NAP;38;6.3;6.38;1;0;0 / 0;0;1;2;0;2022-23
Terzic;FIO;17;6.21;6.38;1;0;0 / 0;0;1;2;0;2022-23
Lozano;NAP;30;6.03;6.38;3;0;1 / 1;0;3;3;0;2022-23
Ikone';FIO;30;5.98;6.38;4;0;0 / 0;0;2;4;0;2022-23
Ilic;TOR;25;0.61;6.38;2;0;0 / 0;0;3;4;0;2022-23
Radonjic;TOR;26;6.04;6.38;2;0;0 / 0;0;3;1;0;2022-23
Ricci S.;TOR;28;6.23;6.38;2;0;0 / 0;0;1;6;0;2022-23
Pyyhtia;BOL;4;6.12;6.38;0;0;0 / 0;0;1;0;0;2022-23
GABBIADINI;SAM;35;0.58;6.37;7;0;0 / 0;0;2;6;0;2022-23
Bremer;JUV;30;6.07;6.37;4;0;0 / 0;0;0;6;0;2022-23
Rebic;MIL;18;5.83;6.36;3;0;0 / 0;0;2;4;0;2022-23
Bennacer;MIL;28;6.12;6.36;2;0;0 / 0;0;3;5;0;2022-23
Mkhitaryan;INT;31;6.05;6.34;3;0;0 / 0;0;2;4;0;2022-23
Hernandez T.;MIL;32;6.03;6.33;4;0;1 / 1;0;3;7;0;2022-23
Caprari;MON;36;5.94;6.32;5;0;1 / 1;0;2;7;0;2022-23
Rrahmani;NAP;28;6.11;6.32;2;0;0 / 0;0;1;2;0;2022-23
Colombo;LEC;25;5.88;6.32;5;0;1 / 2;0;1;4;0;2022-23
TSADJOUT;CRE;19;5.82;6.32;3;0;0 / 0;0;1;1;0;2022-23
Maldini;SPE;16;5.97;6.31;2;0;0 / 0;0;0;1;0;2022-23
Vignato;EMP;10;5.95;0.63;1;0;0 / 0;0;1;1;0;2022-23
Zanoli;SAM;20;5.98;0.63;2;0;0 / 0;0;2;3;0;2022-23
Baschirotto;LEC;37;6.14;6.3;3;0;0 / 0;0;0;6;0;2022-23
Olivera;NAP;25;6.06;0.63;2;0;0 / 0;0;1;2;0;2022-23
Moro N.;BOL;25;6.04;0.63;1;0;0 / 0;0;4;1;0;2022-23
Masina;UDI;12;5.88;6.29;2;0;0 / 0;0;0;2;0;2022-23
Barrow;BOL;29;5.86;6.29;3;0;0 / 0;0;5;3;0;2022-23
Caputo;EMP;36;5.72;6.29;6;0;2 / 2;0;3;1;0;2022-23
Kyriakopoulos;BOL;21;6.12;6.29;1;0;0 / 0;0;3;5;0;2022-23
VERDE;SPE;20;5.85;6.28;3;0;1 / 1;0;0;1;0;2022-23
Matic;ROM;34;6.12;6.28;2;0;0 / 0;0;2;5;0;2022-23
Lukic;TOR;15;0.6;6.27;2;0;1 / 1;0;0;4;0;2022-23
Matheus Henrique;SAS;30;0.59;6.27;4;0;0 / 0;0;1;4;0;2022-23
Bonazzoli;SAL;21;5.9;6.26;2;0;0 / 0;0;2;1;0;2022-23
Harroui;SAS;17;5.97;6.26;2;0;0 / 0;0;0;2;0;2022-23
Zapata D.;ATA;24;5.94;6.25;2;0;0 / 0;0;2;1;0;2022-23
Pasalic;ATA;32;5.8;6.25;5;0;0 / 0;0;1;3;0;2022-23
Piatek;SAL;32;5.83;6.25;4;0;1 / 1;0;4;5;0;2022-23
Troost-Ekong;SAL;8;5.94;6.25;1;0;0 / 0;0;0;1;0;2022-23
Kasius;BOL;6;0.6;6.25;0;0;0 / 0;0;2;1;0;2022-23
Alvarez A.;SAS;12;5.92;6.25;1;0;0 / 0;0;1;1;0;2022-23
Bijol;UDI;32;6.09;6.25;3;0;0 / 0;0;1;10;0;2022-23
Carboni F.;MON;2;6.25;6.25;0;0;0 / 0;0;0;0;0;2022-23
Gosens;INT;25;0.59;6.24;3;0;0 / 0;0;0;2;0;2022-23
Raspadori;NAP;23;5.91;6.24;2;0;0 / 0;0;2;1;0;2022-23
Biraghi;FIO;32;6.09;6.23;2;0;0 / 1;0;4;1;0;2022-23
Juan Jesus;NAP;13;6.08;6.23;1;0;0 / 0;0;0;2;0;2022-23
Muriel;ATA;24;5.81;6.23;3;0;1 / 1;0;3;0;2;2022-23
Mandragora;FIO;28;6.02;6.23;2;0;0 / 0;0;4;8;0;2022-23
Romagnoli;LAZ;34;6.13;6.22;2;0;0 / 0;0;0;6;0;2022-23
Spinazzola;ROM;25;0.6;6.22;1;0;0 / 0;0;4;3;0;2022-23
SORIANO;BOL;23;5.98;6.22;1;0;0 / 0;0;3;1;0;2022-23
Marin;EMP;32;0.6;6.22;2;0;0 / 0;0;4;7;0;2022-23
Pobega;MIL;14;5.93;6.21;2;0;0 / 0;0;0;4;0;2022-23
Schuurs;TOR;29;6.22;6.21;0;0;0 / 0;0;2;5;0;2022-23
Kastanos;SAL;22;6.02;6.2;2;0;0 / 0;0;0;4;0;2022-23
De Roon;ATA;34;6.03;6.19;3;0;0 / 0;0;0;7;0;2022-23
Buongiorno;TOR;34;6.16;6.19;1;0;0 / 0;0;2;8;0;2022-23
Rovella;MON;26;6.13;6.19;1;0;0 / 0;0;2;6;1;2022-23
Soule';JUV;8;5.81;6.19;1;0;0 / 0;0;0;0;0;2022-23
Oudin;LEC;26;5.88;6.19;3;0;0 / 0;0;0;3;0;2022-23
Holm;SPE;19;6.08;6.18;1;0;0 / 0;0;1;4;0;2022-23
Correa;INT;23;5.76;6.17;3;0;0 / 0;0;1;1;0;2022-23
Parisi;EMP;33;6.17;6.17;2;0;0 / 0;0;0;10;1;2022-23
Coulibaly L.;SAL;35;0.6;6.17;3;0;0 / 0;0;3;12;0;2022-23
Solbakken;ROM;9;5.72;6.17;1;0;0 / 0;0;2;2;0;2022-23
Lykogiannis;BOL;20;5.92;6.15;2;0;0 / 0;0;0;3;0;2022-23
Caldirola;MON;30;6.05;6.15;2;0;0 / 0;0;0;6;0;2022-23
Success;UDI;30;5.92;6.15;1;0;0 / 0;0;6;4;0;2022-23
Marcos Antonio;LAZ;13;5.92;6.15;1;0;0 / 0;0;1;2;0;2022-23
Botheim;SAL;17;5.85;6.15;1;0;0 / 0;0;3;2;0;2022-23
Thorstvedt;SAS;26;5.96;6.15;2;0;0 / 0;0;1;5;0;2022-23
Saelemaekers;MIL;29;5.88;6.14;2;0;0 / 0;0;2;1;0;2022-23
Ballo-Toure';MIL;7;5.71;6.14;1;0;0 / 0;0;0;0;0;2022-23
Darmian;INT;27;0.6;6.13;1;0;0 / 0;0;2;3;0;2022-23
Singo;TOR;28;6.02;6.12;2;0;0 / 0;0;1;8;0;2022-23
Basic;LAZ;16;5.97;6.12;1;0;0 / 0;0;0;2;0;2022-23
Calabria;MIL;23;5.98;6.11;1;0;0 / 0;0;3;6;0;2022-23
Casale;LAZ;29;6.07;6.1;1;0;0 / 0;0;1;6;0;2022-23
Hjulmand;LEC;35;6.16;0.61;0;0;0 / 0;0;3;9;1;2022-23
Milenkovic;FIO;27;5.98;6.09;2;0;0 / 0;0;1;4;0;2022-23
Mancini;ROM;35;6.06;6.09;1;0;0 / 0;0;2;7;0;2022-23
Piccoli;EMP;16;5.72;6.09;2;0;0 / 0;0;0;0;0;2022-23
Vojvoda;TOR;28;5.96;6.09;0;0;0 / 0;0;5;3;0;2022-23
Valeri;CRE;37;5.86;6.09;2;0;0 / 0;0;4;3;0;2022-23
Gyomber;SAL;24;6.15;6.08;0;0;0 / 0;0;1;5;0;2022-23
Martinez Quarta;FIO;27;6.04;6.07;1;0;0 / 0;0;1;6;0;2022-23
Maehle;ATA;30;5.82;6.07;3;0;0 / 0;0;2;5;1;2022-23
QUAGLIARELLA;SAM;18;5.89;6.06;1;0;0 / 0;0;1;2;0;2022-23
Pinamonti;SAS;32;5.67;6.06;5;0;1 / 1;0;0;3;1;2022-23
Rodriguez R.;TOR;34;6.1;6.06;0;0;0 / 0;0;0;3;0;2022-23
AINA;TOR;16;5.97;6.06;1;0;0 / 0;0;1;5;0;2022-23
Ranieri L.;FIO;8;6.12;6.06;0;0;0 / 0;0;0;1;0;2022-23
Pongracic;LEC;9;6.17;6.06;0;0;0 / 0;0;0;2;0;2022-23
Banda;LEC;33;5.94;6.06;2;0;0 / 0;0;1;6;0;2022-23
Vecino;LAZ;31;5.95;6.05;2;0;0 / 0;0;0;6;0;2022-23
Faraoni;VER;21;5.83;6.05;2;0;0 / 0;0;2;7;0;2022-23
RODRIGO BECAO;UDI;28;6.09;6.04;2;0;0 / 0;0;1;11;1;2022-23
Terracciano F.;VER;14;6.04;6.04;0;0;0 / 0;0;1;2;0;2022-23
Patric;LAZ;17;6.06;6.03;0;0;0 / 0;0;0;1;0;2022-23
SERNICOLA;CRE;31;5.95;6.03;2;0;0 / 0;0;2;11;0;2022-23
Bove;ROM;17;5.91;6.03;1;0;0 / 0;0;0;2;0;2022-23
Henry;VER;15;5.77;6.03;2;0;0 / 0;0;0;4;0;2022-23
Izzo;MON;29;6.09;6.02;1;0;0 / 0;0;0;10;0;2022-23
De Vrij;INT;24;5.98;6.02;1;0;0 / 0;0;0;4;0;2022-23
Kallon;VER;22;5.86;6.02;1;0;0 / 0;0;1;1;0;2022-23
SATRIANO;EMP;26;5.81;6.02;2;0;0 / 0;0;1;4;0;2022-23
Cambiaso;BOL;30;5.95;6.02;0;0;0 / 0;0;3;2;0;2022-23
Vilhena;SAL;32;5.69;6.02;4;0;0 / 0;0;1;5;0;2022-23
Ehizibue;UDI;21;5.88;6.02;2;0;0 / 0;0;0;7;0;2022-23
Perin;JUV;11;6.36;0.6;0;7;0 / 0;1;0;0;0;2022-23
GHIGLIONE;CRE;12;5.83;0.6;1;0;0 / 0;0;1;4;0;2022-23
Rugani;JUV;7;0.6;0.6;0;0;0 / 0;0;0;0;0;2022-23
Pogba;JUV;5;0.6;0.6;0;0;0 / 0;0;0;0;0;2022-23
Luperto;EMP;36;5.92;0.6;2;0;0 / 0;0;0;2;2;2022-23
Jajalo;UDI;2;0.6;0.6;0;0;0 / 0;0;0;0;0;2022-23
Destro;EMP;10;0.58;0.6;1;0;0 / 0;0;0;3;0;2022-23
Acerbi;INT;31;6.03;0.6;0;0;0 / 0;0;1;4;0;2022-23
Defrel;SAS;24;5.77;0.6;2;0;0 / 0;0;1;3;0;2022-23
Baez;CRE;2;0.6;0.6;0;0;0 / 0;0;0;0;0;2022-23
BARDI;BOL;1;0.6;0.6;0;0;0 / 0;0;0;0;0;2022-23
Di Francesco F.;LEC;34;5.82;0.6;2;0;0 / 0;0;2;5;0;2022-23
Lazaro;TOR;20;5.95;0.6;0;0;0 / 0;0;3;4;0;2022-23
Augello;SAM;37;5.74;0.6;2;0;0 / 0;0;5;3;0;2022-23
Cassandro;LEC;1;0.6;0.6;0;0;0 / 0;0;0;0;0;2022-23
Di Carmine;CRE;1;0.6;0.6;0;0;0 / 0;0;0;0;0;2022-23
Adopo;TOR;4;6.12;0.6;0;0;0 / 0;0;0;1;0;2022-23
TUIA;LEC;7;6.07;0.6;0;0;0 / 0;0;0;1;0;2022-23
Llorente D.;ROM;8;0.6;0.6;0;0;0 / 0;0;0;0;0;2022-23
Makengo;UDI;15;0.6;0.6;0;0;0 / 0;0;1;2;0;2022-23
Zalewski;ROM;32;5.83;0.6;2;0;0 / 0;0;1;3;0;2022-23
Ceccaroni;LEC;2;0.6;0.6;0;0;0 / 0;0;0;0;0;2022-23
Dumfries;INT;34;5.91;0.6;1;0;0 / 0;0;4;4;0;2022-23
Bianco;FIO;4;6.12;0.6;0;0;0 / 0;0;0;1;0;2022-23
ZANOTTI;INT;1;0.6;0.6;0;0;0 / 0;0;0;0;0;2022-23
Ostigard;NAP;6;6.08;0.6;0;0;0 / 0;0;0;1;0;2022-23
Seck;TOR;9;0.6;0.6;0;0;0 / 0;0;0;0;0;2022-23
Pafundi;UDI;3;0.6;0.6;0;0;0 / 0;0;0;0;0;2022-23
MILANESE;CRE;1;0.6;0.6;0;0;0 / 0;0;0;0;0;2022-23
Rodriguez P.;LEC;3;0.6;0.6;0;0;0 / 0;0;0;0;0;2022-23
ACELLA;CRE;1;0.6;0.6;0;0;0 / 0;0;0;0;0;2022-23
D'Andrea;SAS;5;0.58;0.6;0;0;0 / 0;0;1;0;0;2022-23
Guessand A.;UDI;1;0.6;0.6;0;0;0 / 0;0;0;0;0;2022-23
Sanca;SPE;1;0.6;0.6;0;0;0 / 0;0;0;0;0;2022-23
Moutinho J.;SPE;2;0.6;0.6;0;0;0 / 0;0;0;0;0;2022-23
Krollis;SPE;1;0.6;0.6;0;0;0 / 0;0;0;0;0;2022-23
Vivaldo;UDI;1;0.6;0.6;0;0;0 / 0;0;0;0;0;2022-23
Vorlicky;ATA;1;0.6;0.6;0;0;0 / 0;0;0;0;0;2022-23
Bajrami;SAS;36;5.81;5.99;2;0;0 / 0;0;1;1;0;2022-23
Hysaj;LAZ;30;0.59;5.98;1;0;0 / 0;0;1;3;0;2022-23
Ndombele';NAP;21;5.93;5.98;1;0;0 / 0;0;0;5;0;2022-23
Tomori;MIL;33;5.97;5.98;1;0;0 / 0;0;0;5;0;2022-23
Djuric;VER;24;5.9;5.98;1;0;0 / 0;0;0;3;0;2022-23
BUONAIUTO;CRE;23;5.89;5.98;1;0;1 / 1;0;0;3;0;2022-23
Dodo';FIO;33;5.88;5.98;1;0;0 / 0;0;3;3;1;2022-23
Toloi;ATA;32;5.91;5.97;2;0;0 / 0;0;0;8;0;2022-23
Cuadrado;JUV;30;0.59;5.97;1;0;0 / 0;0;3;6;1;2022-23
Locatelli;JUV;31;6.03;5.97;0;0;0 / 0;0;2;8;0;2022-23
Sottil;FIO;16;5.88;5.97;0;0;0 / 0;0;2;1;0;2022-23
Schouten;BOL;31;6.02;5.97;0;0;0 / 0;0;2;3;0;2022-23
Zortea;SAS;15;5.87;5.97;1;0;0 / 0;0;1;5;0;2022-23
ARSLAN;UDI;30;5.92;5.97;1;0;0 / 0;0;0;3;0;2022-23
De Silvestri;BOL;12;5.92;5.96;1;0;0 / 0;0;0;1;0;2022-23
Bourabia;SPE;37;5.86;5.96;1;0;0 / 0;0;2;3;0;2022-23
ASCACIBAR;CRE;13;0.6;5.96;0;0;0 / 0;0;0;1;0;2022-23
Miretti;JUV;25;0.59;5.96;0;0;0 / 0;0;2;2;0;2022-23
Bastoni;INT;29;5.93;5.95;0;0;0 / 0;0;2;3;0;2022-23
Traore' Hj.;SAS;11;5.73;5.95;0;0;0 / 0;0;3;1;0;2022-23
Demiral;ATA;22;5.93;5.95;1;0;0 / 0;0;0;5;0;2022-23
Mari';MON;29;5.91;5.95;1;0;0 / 0;0;0;4;0;2022-23
Scalvini;ATA;32;5.88;5.95;2;0;0 / 0;0;0;7;0;2022-23
Ebosele;UDI;10;5.95;5.95;0;0;0 / 0;0;1;4;0;2022-23
Donati;MON;8;5.81;5.94;1;0;0 / 0;0;0;2;1;2022-23
Djidji;TOR;32;5.89;5.94;1;0;0 / 0;0;0;3;0;2022-23
RECA;SPE;29;5.91;5.93;1;0;0 / 0;0;0;5;0;2022-23
McKennie;JUV;15;5.67;5.93;1;0;0 / 0;0;1;0;0;2022-23
Gaich;VER;15;5.73;5.93;2;0;0 / 0;0;0;2;0;2022-23
Bonucci;JUV;12;5.96;5.92;1;0;0 / 1;0;0;1;0;2022-23
Ceccherini;VER;20;0.59;5.92;2;0;0 / 0;0;0;9;1;2022-23
Haas;EMP;24;5.83;5.92;1;0;0 / 0;0;0;2;0;2022-23
Walace;UDI;37;5.97;5.92;0;0;0 / 0;0;1;6;0;2022-23
Brekalo;FIO;6;0.6;5.92;0;0;0 / 0;0;0;1;0;2022-23
Zeegelaar;UDI;6;5.67;5.92;1;0;0 / 0;0;0;1;1;2022-23
Crnigoj;SAL;6;0.6;5.92;0;0;0 / 0;0;0;1;0;2022-23
Galdames;CRE;13;5.65;5.92;1;0;0 / 0;0;1;2;0;2022-23
Cipot;SPE;6;5.92;5.92;0;0;0 / 0;0;0;0;0;2022-23
Cataldi;LAZ;28;5.96;5.91;0;0;0 / 0;0;1;5;0;2022-23
Barak;FIO;28;5.77;5.91;2;0;0 / 0;0;0;4;0;2022-23
Shomurodov;SPE;16;5.69;5.91;1;0;0 / 0;0;1;2;0;2022-23
Perez N.;UDI;34;5.93;5.91;2;0;0 / 0;0;0;7;1;2022-23
Kiwior;SPE;17;0.6;5.91;0;0;0 / 0;0;0;3;0;2022-23
Grassi;EMP;20;5.98;0.59;0;0;0 / 0;0;0;3;0;2022-23
Cristante;ROM;36;0.6;5.9;1;0;0 / 1;0;1;7;1;2022-23
BARBERIS;MON;5;0.57;0.59;0;0;0 / 0;0;1;0;0;2022-23
Marchizza;SAS;5;0.6;0.59;0;0;0 / 0;0;0;1;0;2022-23
Lochoshvili;CRE;24;5.81;5.9;1;0;0 / 0;0;1;4;0;2022-23
D'Ambrosio;INT;14;5.89;5.89;0;0;0 / 0;0;2;2;1;2022-23
MEDEL;BOL;23;5.96;5.89;0;0;0 / 0;0;1;5;0;2022-23
Depaoli;VER;33;5.8;5.89;2;0;0 / 0;0;1;8;0;2022-23
Bandinelli;EMP;35;5.86;5.89;2;0;0 / 0;0;0;10;0;2022-23
Lammers;SAM;31;5.65;5.89;2;0;0 / 0;0;2;1;0;2022-23
CASTAGNETTI;CRE;23;5.89;5.89;0;0;0 / 0;0;1;2;0;2022-23
Hateboer;ATA;17;5.85;5.88;1;0;0 / 0;0;1;7;0;2022-23
Origi;MIL;21;5.57;5.88;2;0;0 / 0;0;1;1;0;2022-23
Vasquez;CRE;24;5.9;5.88;1;0;0 / 0;0;0;7;0;2022-23
Zima;TOR;8;5.88;5.88;0;0;0 / 0;0;0;0;0;2022-23
Aebischer;BOL;25;5.84;5.88;1;0;0 / 0;0;0;4;0;2022-23
Helgason;LEC;8;5.88;5.88;0;0;0 / 0;0;0;0;0;2022-23
Listkowski;LEC;4;5.88;5.88;0;0;0 / 0;0;0;0;0;2022-23
Duncan;FIO;19;5.79;5.87;1;0;0 / 0;0;0;3;0;2022-23
Ferrari G.;SAS;27;5.83;5.87;1;0;0 / 0;0;0;5;0;2022-23
Ampadu;SPE;31;0.6;5.87;0;0;0 / 0;0;1;8;1;2022-23
Gonzalez J.;LEC;34;5.93;5.87;1;0;0 / 0;0;1;8;0;2022-23
Machin;MON;21;5.86;5.86;0;0;0 / 0;0;2;4;0;2022-23
Pezzella Giu.;LEC;14;5.86;5.86;0;0;0 / 0;0;1;2;0;2022-23
Esposito Sa.;SPE;14;5.79;5.86;1;0;0 / 0;0;0;3;1;2022-23
Bellanova;INT;11;5.86;5.86;0;0;0 / 0;0;0;0;0;2022-23
Pirola;SAL;25;0.57;5.86;2;0;0 / 0;0;0;4;0;2022-23
Kovalenko;SPE;14;5.89;5.86;0;0;0 / 0;0;0;1;0;2022-23
Hien;VER;32;0.6;5.86;0;0;0 / 0;0;0;9;0;2022-23
De Sciglio;JUV;17;5.85;5.85;0;0;0 / 0;0;0;0;0;2022-23
Marusic;LAZ;33;5.94;5.85;0;0;0 / 0;0;2;8;1;2022-23
Zaniolo;ROM;13;5.77;5.85;1;0;0 / 0;0;0;4;0;2022-23
Akpa Akpro;EMP;23;5.89;5.85;1;0;0 / 0;0;1;6;2;2022-23
Ruggeri;ATA;10;0.59;5.85;0;0;0 / 0;0;1;3;0;2022-23
Blin;LEC;34;5.88;5.85;1;0;0 / 0;0;0;8;0;2022-23
Djimsiti;ATA;22;5.86;5.84;0;0;0 / 0;0;1;3;0;2022-23
Amrabat;FIO;28;0.6;5.84;0;0;0 / 0;0;1;11;0;2022-23
Ismajli;EMP;25;5.98;5.84;0;0;0 / 0;0;0;3;0;2022-23
SALA;SPE;3;5.83;5.83;0;0;0 / 0;0;0;1;0;2022-23
Linetty;TOR;29;5.84;5.83;1;0;0 / 0;0;0;8;0;2022-23
Umtiti;LEC;24;0.6;5.83;0;0;0 / 0;0;0;8;0;2022-23
Soumaoro;BOL;23;5.93;5.83;0;0;0 / 0;0;0;3;1;2022-23
Strelec;SPE;6;5.83;5.83;0;0;0 / 0;0;0;0;0;2022-23
Gila;LAZ;3;5.83;5.83;0;0;0 / 0;0;0;0;0;2022-23
Voelkerling Persson;LEC;3;5.83;5.83;0;0;0 / 0;0;0;0;0;2022-23
Sambia;SAL;15;0.58;5.83;0;0;0 / 0;0;1;3;0;2022-23
Fazzini;EMP;15;5.93;5.83;0;0;0 / 0;0;0;4;0;2022-23
Malagrida;SAM;3;0.6;5.83;0;0;0 / 0;0;0;2;0;2022-23
Palomino;ATA;14;5.89;5.82;1;0;0 / 0;0;0;4;0;2022-23
Ibanez;ROM;33;5.77;5.82;3;0;0 / 0;0;0;9;1;2022-23
Ederson D.s.;ATA;34;5.76;5.82;1;0;0 / 0;0;1;4;0;2022-23
Gendrey;LEC;36;5.85;5.82;0;0;0 / 0;0;1;4;0;2022-23
Ceide;SAS;13;5.73;5.81;0;0;0 / 0;0;1;0;0;2022-23
Krunic;MIL;22;5.93;5.8;0;0;0 / 0;0;1;8;0;2022-23
Gravillon;TOR;5;0.6;0.58;0;0;0 / 0;0;0;2;0;2022-23
Dawidowicz;VER;22;5.8;5.8;1;0;0 / 0;0;1;6;1;2022-23
AGUDELO;SPE;33;5.85;5.8;0;0;0 / 0;0;1;5;0;2022-23
Tameze;VER;37;5.84;5.8;0;0;0 / 0;0;0;3;0;2022-23
Bistrovic;LEC;10;0.58;0.58;0;0;0 / 0;0;0;0;0;2022-23
Kjaer;MIL;14;5.93;5.79;0;0;0 / 0;0;0;4;0;2022-23
Meite';CRE;31;5.84;5.79;0;0;0 / 0;0;1;5;0;2022-23
Obiang;SAS;14;5.86;5.79;0;0;0 / 0;0;0;2;0;2022-23
Soppy;ATA;12;5.67;5.79;0;0;0 / 0;0;3;3;0;2022-23
Bohinen;SAL;19;5.79;5.79;0;0;0 / 0;0;0;0;0;2022-23
Winks;SAM;20;5.82;5.78;0;0;0 / 0;0;0;2;0;2022-23
Walukiewicz;EMP;9;5.78;5.78;0;0;0 / 0;0;0;0;0;2022-23
Kalulu;MIL;32;5.75;5.78;1;0;0 / 0;0;0;4;0;2022-23
CHIRICHES;CRE;15;5.97;5.77;0;0;0 / 0;0;0;2;0;2022-23
Nicolussi Caviglia;SAL;11;5.59;5.77;1;0;0 / 0;0;0;2;0;2022-23
Henderson L.;EMP;24;5.92;5.77;0;0;0 / 0;0;1;9;0;2022-23
Lopez M.;SAS;30;5.95;5.77;0;0;0 / 0;0;0;11;0;2022-23
Stojanovic;EMP;24;5.79;5.77;0;0;0 / 0;0;1;3;0;2022-23
De Ketelaere;MIL;28;5.77;5.77;0;0;0 / 0;0;1;2;0;2022-23
Lazzari;LAZ;27;5.98;5.76;0;0;0 / 0;0;0;8;0;2022-23
Lucumi';BOL;33;5.91;5.76;0;0;0 / 0;0;1;8;0;2022-23
D'Alessandro;MON;6;5.92;5.75;0;0;0 / 0;0;0;2;0;2022-23
Florenzi;MIL;4;5.88;5.75;0;0;0 / 0;0;0;1;0;2022-23
Fazio;SAL;12;5.62;5.75;1;0;0 / 0;0;0;1;1;2022-23
Venuti;FIO;16;5.81;5.75;0;0;0 / 0;0;0;2;0;2022-23
Zakaria;JUV;2;5.75;5.75;0;0;0 / 0;0;0;0;0;2022-23
COLLEY;SAM;16;5.72;5.75;1;0;0 / 0;0;0;5;0;2022-23
Bradaric;SAL;30;5.73;5.75;0;0;0 / 0;0;3;5;0;2022-23
Vranckx;MIL;6;5.83;5.75;0;0;0 / 0;0;0;1;0;2022-23
Birindelli;MON;30;5.82;5.75;0;0;0 / 0;0;2;8;0;2022-23
Adli;MIL;4;5.88;5.75;0;0;0 / 0;0;0;1;0;2022-23
Quagliata;CRE;16;5.75;5.75;0;0;0 / 0;0;1;0;1;2022-23
Bondo;MON;2;0.6;5.75;0;0;0 / 0;0;0;1;0;2022-23
Thiaw;MIL;18;5.89;5.75;0;0;0 / 0;0;0;5;0;2022-23
Paoletti;SAM;8;5.81;5.75;0;0;0 / 0;0;0;1;0;2022-23
Lasagna;VER;25;5.62;5.74;1;0;0 / 0;0;1;2;0;2022-23
Paredes;JUV;21;5.76;5.74;1;0;0 / 0;0;0;6;1;2022-23
Gunter;SAM;23;5.67;5.74;1;0;0 / 0;0;1;5;0;2022-23
Rogerio;SAS;35;5.74;5.73;0;0;0 / 0;0;3;5;1;2022-23
Asllani;INT;15;0.58;5.73;0;0;0 / 0;0;0;2;0;2022-23
Sabiri;SAM;18;5.69;5.72;2;0;1 / 2;0;0;5;0;2022-23
Karsdorp;ROM;12;5.71;5.71;0;0;0 / 0;0;0;0;0;2022-23
Gyasi;SPE;35;5.69;5.71;2;0;0 / 0;0;0;10;0;2022-23
Tahirovic;ROM;7;5.79;5.71;0;0;0 / 0;0;0;1;0;2022-23
BIANCHETTI;CRE;25;5.68;0.57;1;0;0 / 0;0;0;5;0;2022-23
Erlic;SAS;27;5.81;5.7;0;0;0 / 0;0;0;2;0;2022-23
Cancellieri;LAZ;5;0.57;0.57;0;0;0 / 0;0;0;4;0;2022-23
Aiwu;CRE;22;5.77;5.7;0;0;0 / 0;0;0;3;0;2022-23
Ilkhan;SAM;5;0.58;0.57;0;0;0 / 0;0;0;1;0;2022-23
Camara Ma.;ROM;10;5.85;0.57;0;0;0 / 0;0;0;3;0;2022-23
NUYTINCK;SAM;24;5.75;5.69;0;0;0 / 0;0;1;5;0;2022-23
Hristov;SPE;8;5.69;5.69;0;0;0 / 0;0;0;0;0;2022-23
NIKOLAOU;SPE;34;5.75;5.69;1;0;0 / 0;0;0;8;1;2022-23
Gallo;LEC;31;5.87;5.69;0;0;0 / 0;0;1;3;1;2022-23
Gytkjaer;MON;16;5.69;5.69;1;0;0 / 1;0;0;0;0;2022-23
Sulemana I.;VER;13;5.85;5.69;0;0;0 / 0;0;0;4;0;2022-23
EKDAL;SPE;30;5.78;5.68;0;0;0 / 0;0;0;4;1;2022-23
Djuricic;SAM;32;5.53;5.67;3;0;0 / 0;0;0;9;0;2022-23
Pellegrini Lu.;LAZ;3;0.6;5.67;0;0;0 / 0;0;0;3;0;2022-23
Duda;VER;15;0.58;5.67;0;0;0 / 0;0;0;4;0;2022-23
FERRER;SPE;3;5.67;5.67;0;0;0 / 0;0;0;0;0;2022-23
Gatti;JUV;16;5.78;5.66;0;0;0 / 0;0;0;4;0;2022-23
Pjaca;EMP;13;5.69;5.65;0;0;0 / 0;0;0;1;0;2022-23
Cacace;EMP;10;0.57;5.65;0;0;0 / 0;0;0;1;0;2022-23
Belotti;ROM;22;5.68;5.64;0;0;0 / 1;0;2;0;0;2022-23
ZANIMACCHIA;CRE;14;5.71;5.64;0;0;0 / 0;0;0;2;0;2022-23
Okoli;ATA;14;5.75;5.64;0;0;0 / 0;0;0;3;0;2022-23
Valencia D.;SAL;7;5.71;5.64;0;0;0 / 0;0;0;1;0;2022-23
Pickel;CRE;33;5.7;5.64;1;0;0 / 0;0;0;8;1;2022-23
Igor;FIO;26;5.83;5.63;0;0;0 / 0;0;0;8;1;2022-23
Toljan;SAS;31;5.65;5.63;0;0;0 / 0;0;1;3;0;2022-23
ASKILDSEN;LEC;15;5.73;5.63;0;0;0 / 0;0;0;3;0;2022-23
Benassi;CRE;17;5.65;5.62;0;0;0 / 0;0;0;1;0;2022-23
Skriniar;INT;21;5.83;5.62;0;0;0 / 0;0;0;3;1;2022-23
Bonifazi;BOL;12;5.71;5.62;0;0;0 / 0;0;0;2;0;2022-23
Thauvin;UDI;12;5.67;5.62;0;0;0 / 0;0;0;1;0;2022-23
Maleh;LEC;21;5.67;5.62;0;0;0 / 0;0;1;5;0;2022-23
De Winter;EMP;13;5.73;5.62;0;0;0 / 0;0;0;3;0;2022-23
Bereszynski;NAP;18;5.61;5.61;0;0;0 / 0;0;1;2;0;2022-23
Magnani;VER;24;5.83;5.6;0;0;0 / 0;0;1;7;1;2022-23
Ebosse;UDI;15;0.57;0.56;0;0;0 / 0;0;0;3;0;2022-23
Ellertsson;SPE;5;0.57;0.56;0;0;0 / 0;0;0;3;0;2022-23
Amione;SAM;27;5.65;5.59;1;0;0 / 0;0;1;9;1;2022-23
Coppola D.;VER;16;5.75;5.59;0;0;0 / 0;0;0;5;0;2022-23
Celik;ROM;21;5.69;5.57;0;0;0 / 0;0;1;5;1;2022-23
Dest;MIL;7;5.57;5.57;0;0;0 / 0;0;0;0;0;2022-23
Daniliuc;SAL;27;5.76;5.57;0;0;0 / 0;0;0;10;0;2022-23
Meret;NAP;34;6.18;5.56;0;24;0 / 0;1;0;0;0;2022-23
Valoti;MON;8;5.56;5.56;0;0;0 / 0;0;0;1;0;2022-23
LERIS;SAM;32;5.64;5.56;1;0;0 / 0;0;1;13;0;2022-23
MIGUEL VELOSO;VER;21;5.79;5.55;0;0;0 / 0;0;0;6;0;2022-23
RINCON;SAM;34;5.62;5.54;0;0;0 / 0;0;2;7;1;2022-23
Alex Sandro;JUV;23;5.63;5.54;0;0;0 / 0;0;1;4;1;2022-23
Gagliardini;INT;14;5.68;5.54;0;0;0 / 0;0;0;3;1;2022-23
Maggiore;SAL;15;0.56;5.53;0;0;0 / 0;0;0;2;0;2022-23
Ferrari A.;CRE;27;5.63;5.52;0;0;0 / 0;0;0;6;0;2022-23
CONTI;SAM;1;0.55;0.55;0;0;0 / 0;0;0;0;0;2022-23
Romagnoli S.;LEC;4;0.55;0.55;0;0;0 / 0;0;0;0;0;2022-23
MARRONE;MON;2;0.55;0.55;0;0;0 / 0;0;0;0;0;2022-23
Dermaku;LEC;1;0.55;0.55;0;0;0 / 0;0;0;0;0;2022-23
Tonelli;EMP;1;0.55;0.55;0;0;0 / 0;0;0;0;0;2022-23
MURRU;SAM;17;5.59;0.55;0;0;0 / 0;0;0;3;0;2022-23
Cerofolini;FIO;5;0.61;0.55;0;3;0 / 0;0;0;0;0;2022-23
RIBERY;SAL;1;0.55;0.55;0;0;0 / 0;0;0;0;0;2022-23
BAKAYOKO;MIL;1;0.55;0.55;0;0;0 / 0;0;0;0;0;2022-23
Retsos;VER;2;0.55;0.55;0;0;0 / 0;0;0;0;0;2022-23
Vieira;TOR;15;0.56;0.55;0;0;0 / 0;0;0;3;0;2022-23
Zurkowski;SPE;10;5.45;0.55;0;0;0 / 0;0;1;1;0;2022-23
Cuisance;SAM;11;5.55;0.55;0;0;0 / 0;0;0;1;0;2022-23
Demme;NAP;2;0.55;0.55;0;0;0 / 0;0;0;0;0;2022-23
Villar;SAM;14;5.57;0.55;0;0;0 / 0;0;0;2;0;2022-23
Lovato;SAL;15;5.57;0.55;0;0;0 / 0;0;0;2;0;2022-23
Kristoffersen;SAL;1;0.55;0.55;0;0;0 / 0;0;0;0;0;2022-23
Vina;ROM;1;0.55;0.55;0;0;0 / 0;0;0;0;0;2022-23
DE LUCA;SAM;1;0.55;0.55;0;0;0 / 0;0;0;0;0;2022-23
Zerbin;NAP;5;0.56;0.55;0;0;0 / 0;0;0;1;0;2022-23
Abankwah;UDI;1;0.55;0.55;0;0;0 / 0;0;0;0;0;2022-23
Cabal;VER;9;5.67;0.55;0;0;0 / 0;0;0;3;0;2022-23
Hendry;CRE;3;5.67;0.55;0;0;0 / 0;0;0;1;0;2022-23
Montevago;SAM;5;0.56;0.55;0;0;0 / 0;0;0;1;0;2022-23
Abildgaard;VER;9;5.61;0.55;0;0;0 / 0;0;0;2;0;2022-23
Gineitis;TOR;2;0.6;0.55;0;0;0 / 0;0;0;2;0;2022-23
Barrenechea;JUV;3;0.55;0.55;0;0;0 / 0;0;0;0;0;2022-23
Verre;SAM;15;0.56;5.47;0;0;0 / 0;0;0;5;0;2022-23
Provedel;LAZ;38;6.28;5.47;0;30;0 / 0;0;0;1;0;2022-23
Wisniewski;SPE;11;5.68;5.45;1;0;0 / 0;0;0;3;0;2022-23
Escalante;CRE;9;5.56;5.44;0;0;0 / 0;0;0;0;1;2022-23
Ayhan;SAS;8;0.55;5.44;0;0;0 / 0;0;0;1;0;2022-23
Hongla;VER;8;5.69;5.44;0;0;0 / 0;0;0;4;0;2022-23
Oikonomou;SAM;6;5.67;5.42;0;0;0 / 0;0;0;3;0;2022-23
Kumbulla;ROM;6;5.67;5.42;0;0;0 / 0;0;0;1;1;2022-23
AMIAN;SPE;30;5.53;5.42;0;0;0 / 0;0;0;5;1;2022-23
AFENA-GYAN;CRE;20;0.55;5.42;0;0;0 / 0;0;0;4;0;2022-23
Molina S.;MON;5;0.55;0.54;0;0;0 / 0;0;0;1;0;2022-23
Hrustic;VER;5;0.54;0.54;0;0;0 / 0;0;0;0;0;2022-23
Gabbia;MIL;9;0.55;5.39;0;0;0 / 0;0;0;2;0;2022-23
Pussetto;SAM;4;0.55;5.38;0;0;0 / 0;0;0;1;0;2022-23
Maignan;MIL;22;6.18;5.36;0;21;0 / 0;1;0;0;0;2022-23
Bronn;SAL;21;0.55;5.36;0;0;0 / 0;0;0;4;1;2022-23
RADOVANOVIC;SAL;10;0.55;5.35;0;0;0 / 0;0;0;1;1;2022-23
Marlon;MON;24;5.6;5.33;0;0;0 / 0;0;0;7;1;2022-23
Braaf;VER;6;5.42;5.33;0;0;0 / 0;0;0;1;0;2022-23
Antov;MON;6;0.55;5.33;0;0;0 / 0;0;0;2;0;2022-23
Gollini;NAP;7;6.14;5.29;0;6;0 / 0;0;0;0;0;2022-23
MURILLO;SAM;16;5.56;5.25;0;0;0 / 0;0;0;4;1;2022-23
Barbieri;JUV;2;5.25;5.25;0;0;0 / 0;0;0;0;0;2022-23
Vicario;EMP;31;6.45;5.24;0;39;0 / 0;1;0;3;0;2022-23
CALDARA;SPE;16;5.53;5.22;0;0;0 / 0;0;0;6;0;2022-23
Sosa;BOL;9;5.33;5.22;0;0;0 / 0;0;0;2;0;2022-23
ZOET;SPE;5;0.61;0.52;0;4;0 / 0;0;0;1;0;2022-23
Szczesny;JUV;28;6.11;5.18;0;26;0 / 0;0;0;0;0;2022-23
Carboni A.;MON;3;5.17;5.17;0;0;0 / 0;0;0;0;0;2022-23
Sepe;SAL;17;6.29;5.15;0;27;0 / 0;3;0;3;0;2022-23
YEPES;SAM;4;5.38;5.12;0;0;0 / 0;0;0;2;0;2022-23
Rui Patricio;ROM;35;6.01;5.09;0;35;0 / 0;1;0;1;0;2022-23
Falcone;LEC;38;6.22;5.07;0;46;0 / 0;1;0;2;0;2022-23
Tressoldi;SAS;21;5.48;5.05;0;0;0 / 0;0;0;9;3;2022-23
Onana;INT;24;6.12;5.02;0;24;0 / 0;0;0;1;0;2022-23
RANOCCHIA;MON;1;0.5;0.5;0;0;0 / 0;0;0;0;0;2022-23
Perisan;EMP;7;6.29;0.5;0;9;0 / 0;0;0;0;0;2022-23
ROMAGNA;SAS;1;0.5;0.5;0;0;0 / 0;0;0;0;0;2022-23
Cetin;LEC;1;0.5;0.5;0;0;0 / 0;0;0;0;0;2022-23
Bayeye;TOR;1;0.5;0.5;0;0;0 / 0;0;0;0;0;2022-23
Silvestri;UDI;38;6.24;4.97;0;48;0 / 0;0;0;0;0;2022-23
Di Gregorio;MON;37;6.27;4.97;0;49;0 / 0;0;1;0;0;2022-23
Skorupski;BOL;37;6.16;4.95;0;49;0 / 0;2;0;4;0;2022-23
Audero;SAM;25;6.34;4.92;0;39;0 / 0;2;0;1;0;2022-23
HANDANOVIC;INT;14;6.18;4.89;0;18;0 / 0;0;0;0;0;2022-23
Milinkovic-Savic V.;TOR;38;6.03;4.89;0;41;0 / 0;0;0;4;0;2022-23
Svilar;ROM;3;0.6;4.83;0;3;0 / 0;0;0;1;0;2022-23
Ochoa;SAL;20;6.35;4.82;0;33;0 / 0;1;0;1;0;2022-23
Musso;ATA;23;6.04;4.76;0;27;0 / 0;0;0;1;0;2022-23
SARR M.;CRE;2;6.25;4.75;0;3;0 / 0;0;0;0;0;2022-23
DRAGOWSKI;SPE;34;6.24;4.75;0;54;0 / 0;1;1;1;0;2022-23
Terracciano;FIO;29;5.97;4.74;0;38;0 / 0;1;0;1;0;2022-23
Montipo';VER;37;6.23;4.7;0;59;0 / 0;1;0;1;0;2022-23
Sportiello;ATA;15;6.07;4.67;0;21;0 / 0;0;0;0;0;2022-23
Carnesecchi;CRE;27;6.37;4.65;0;47;0 / 0;0;1;1;0;2022-23
TATARUSANU;MIL;16;5.88;0.45;0;22;0 / 0;0;0;0;0;2022-23
Ujkani;EMP;1;0.55;0.45;0;1;0 / 0;0;0;0;0;2022-23
Pegolo;SAS;2;0.6;0.45;0;3;0 / 0;0;0;0;0;2022-23
Consigli;SAS;35;6.03;4.46;0;55;0 / 0;0;0;0;0;2022-23
RADU I.;CRE;9;6.11;0.4;0;19;0 / 0;0;0;0;0;2022-23
Fiorillo;SAL;1;0.6;0.4;0;2;0 / 0;0;0;0;0;2022-23
Turk;SAM;4;6.25;0.4;0;9;0 / 0;0;0;0;0;2022-23
RAVAGLIA;SAM;9;6.22;3.67;0;23;0 / 0;0;0;0;0;2022-23
Marchetti;SPE;1;0.55;0.35;0;2;0 / 0;0;0;0;0;2022-23
ZOVKO;SPE;1;0.55;0.35;0;2;0 / 0;0;0;0;0;2022-23
Luis Maximiano;LAZ;1;0.4;0.3;0;0;0 / 0;0;0;0;1;2022-23
Cragno;MON;1;0.55;0.25;0;3;0 / 0;0;0;0;0;2022-23
RUSSO A.;SAS;1;0.5;0.2;0;3;0 / 0;0;0;0;0;2022-23
Mirante;MIL;0;0.0;0.0;0;0;0 / 0;0;0;0;0;2022-23
Mbaye;BOL;0;0.0;0.0;0;0;0 / 0;0;0;0;0;2022-23
Diawara;ROM;0;0.0;0.0;0;0;0 / 0;0;0;0;0;2022-23
Gagliolo;SAL;0;0.0;0.0;0;0;0 / 0;0;0;0;0;2022-23
CAPEZZI;SAL;0;0.0;0.0;0;0;0 / 0;0;0;0;0;2022-23
Ilicic;ATA;0;0.0;0.0;0;0;0 / 0;0;0;0;0;2022-23
Lamanna;MON;0;0.0;0.0;0;0;0 / 0;0;0;0;0;2022-23
Zaza;TOR;0;0.0;0.0;0;0;0 / 0;0;0;0;0;2022-23
Berisha;TOR;0;0.0;0.0;0;0;0 / 0;0;0;0;0;2022-23
RADU;LAZ;0;0.0;0.0;0;0;0 / 0;0;0;0;0;2022-23
Paletta;MON;0;0.0;0.0;0;0;0 / 0;0;0;0;0;2022-23
Capradossi;SPE;0;0.0;0.0;0;0;0 / 0;0;0;0;0;2022-23
Padelli;UDI;0;0.0;0.0;0;0;0 / 0;0;0;0;0;2022-23
Fares;LAZ;0;0.0;0.0;0;0;0 / 0;0;0;0;0;2022-23
Pereira P.;MON;0;0.0;0.0;0;0;0 / 0;0;0;0;0;2022-23
Freuler;ATA;0;0.0;0.0;0;0;0 / 0;0;0;0;0;2022-23
EDERA;TOR;0;0.0;0.0;0;0;0 / 0;0;0;0;0;2022-23
Sampirisi;MON;0;0.0;0.0;0;0;0 / 0;0;0;0;0;2022-23
Pinsoglio;JUV;0;0.0;0.0;0;0;0 / 0;0;0;0;0;2022-23
Mazzitelli;MON;0;0.0;0.0;0;0;0 / 0;0;0;0;0;2022-23
Veseli;SAL;0;0.0;0.0;0;0;0 / 0;0;0;0;0;2022-23
Satalino;SAS;0;0.0;0.0;0;0;0 / 0;0;0;0;0;2022-23
Scamacca;SAS;0;0.0;0.0;0;0;0 / 0;0;0;0;0;2022-23
Coulibaly M.;SAL;0;0.0;0.0;0;0;0 / 0;0;0;0;0;2022-23
Ounas;NAP;0;0.0;0.0;0;0;0 / 0;0;0;0;0;2022-23
Jaroszynski;SAL;0;0.0;0.0;0;0;0 / 0;0;0;0;0;2022-23
Veretout;ROM;0;0.0;0.0;0;0;0 / 0;0;0;0;0;2022-23
Crociata;EMP;0;0.0;0.0;0;0;0 / 0;0;0;0;0;2022-23
Rossi F.;ATA;0;0.0;0.0;0;0;0 / 0;0;0;0;0;2022-23
Leverbe;SAM;0;0.0;0.0;0;0;0 / 0;0;0;0;0;2022-23
Nastasic;FIO;0;0.0;0.0;0;0;0 / 0;0;0;0;0;2022-23
Sanchez;INT;0;0.0;0.0;0;0;0 / 0;0;0;0;0;2022-23
Ravaglia F.;BOL;0;0.0;0.0;0;0;0 / 0;0;0;0;0;2022-23
Bettella;MON;0;0.0;0.0;0;0;0 / 0;0;0;0;0;2022-23
Valzania;CRE;0;0.0;0.0;0;0;0 / 0;0;0;0;0;2022-23
Calabresi;LEC;0;0.0;0.0;0;0;0 / 0;0;0;0;0;2022-23
Dijks;BOL;0;0.0;0.0;0;0;0 / 0;0;0;0;0;2022-23
Ruiz;NAP;0;0.0;0.0;0;0;0 / 0;0;0;0;0;2022-23
Stulac;EMP;0;0.0;0.0;0;0;0 / 0;0;0;0;0;2022-23
Rosati;FIO;0;0.0;0.0;0;0;0 / 0;0;0;0;0;2022-23
Scozzarella;MON;0;0.0;0.0;0;0;0 / 0;0;0;0;0;2022-23
Kingsley;BOL;0;0.0;0.0;0;0;0 / 0;0;0;0;0;2022-23
Contini;SAM;0;0.0;0.0;0;0;0 / 0;0;0;0;0;2022-23
Arthur Melo;JUV;0;0.0;0.0;0;0;0 / 0;0;0;0;0;2022-23
Brancolini;LEC;0;0.0;0.0;0;0;0 / 0;0;0;0;0;2022-23
Agoume;INT;0;0.0;0.0;0;0;0 / 0;0;0;0;0;2022-23
Bleve;LEC;0;0.0;0.0;0;0;0 / 0;0;0;0;0;2022-23
Majer;LEC;0;0.0;0.0;0;0;0 / 0;0;0;0;0;2022-23
Berardi A.;VER;0;0.0;0.0;0;0;0 / 0;0;0;0;0;2022-23
Muldur;SAS;0;0.0;0.0;0;0;0 / 0;0;0;0;0;2022-23
Gemello;TOR;0;0.0;0.0;0;0;0 / 0;0;0;0;0;2022-23
Benkovic;UDI;0;0.0;0.0;0;0;0 / 0;0;0;0;0;2022-23
Carles Perez;ROM;0;0.0;0.0;0;0;0 / 0;0;0;0;0;2022-23
Moro;LAZ;0;0.0;0.0;0;0;0 / 0;0;0;0;0;2022-23
Horvath;TOR;0;0.0;0.0;0;0;0 / 0;0;0;0;0;2022-23
Calafiori;ROM;0;0.0;0.0;0;0;0 / 0;0;0;0;0;2022-23
Frabotta;LEC;0;0.0;0.0;0;0;0 / 0;0;0;0;0;2022-23
Damsgaard;SAM;0;0.0;0.0;0;0;0 / 0;0;0;0;0;2022-23
Vignali;SPE;0;0.0;0.0;0;0;0 / 0;0;0;0;0;2022-23
Bartolomei;CRE;0;0.0;0.0;0;0;0 / 0;0;0;0;0;2022-23
Molina N.;UDI;0;0.0;0.0;0;0;0 / 0;0;0;0;0;2022-23
Boer;ROM;0;0.0;0.0;0;0;0 / 0;0;0;0;0;2022-23
Leo' Sena;SPE;0;0.0;0.0;0;0;0 / 0;0;0;0;0;2022-23
Gasparini;UDI;0;0.0;0.0;0;0;0 / 0;0;0;0;0;2022-23
Oddei;SAS;0;0.0;0.0;0;0;0 / 0;0;0;0;0;2022-23
Kokorin;FIO;0;0.0;0.0;0;0;0 / 0;0;0;0;0;2022-23
DARBOE;ROM;0;0.0;0.0;0;0;0 / 0;0;0;0;0;2022-23
Amey;BOL;0;0.0;0.0;0;0;0 / 0;0;0;0;0;2022-23
Urbanski;BOL;0;0.0;0.0;0;0;0 / 0;0;0;0;0;2022-23
Raimondo;BOL;0;0.0;0.0;0;0;0 / 0;0;0;0;0;2022-23
Bertini;LAZ;0;0.0;0.0;0;0;0 / 0;0;0;0;0;2022-23
CORTINOVIS;VER;0;0.0;0.0;0;0;0 / 0;0;0;0;0;2022-23
Furlan;EMP;0;0.0;0.0;0;0;0 / 0;0;0;0;0;2022-23
Ferrarini;MON;0;0.0;0.0;0;0;0 / 0;0;0;0;0;2022-23
KAMENOVIC;LAZ;0;0.0;0.0;0;0;0 / 0;0;0;0;0;2022-23
Cavion;SAL;0;0.0;0.0;0;0;0 / 0;0;0;0;0;2022-23
Kornvig;SPE;0;0.0;0.0;0;0;0 / 0;0;0;0;0;2022-23
Di Mariano;LEC;0;0.0;0.0;0;0;0 / 0;0;0;0;0;2022-23
Adamonis;LAZ;0;0.0;0.0;0;0;0 / 0;0;0;0;0;2022-23
Kechrida;SAL;0;0.0;0.0;0;0;0 / 0;0;0;0;0;2022-23
Kaio Jorge;JUV;0;0.0;0.0;0;0;0 / 0;0;0;0;0;2022-23
MARFELLA;NAP;0;0.0;0.0;0;0;0 / 0;0;0;0;0;2022-23
SHER;SPE;0;0.0;0.0;0;0;0 / 0;0;0;0;0;2022-23
Theate;BOL;0;0.0;0.0;0;0;0 / 0;0;0;0;0;2022-23
Molla;BOL;0;0.0;0.0;0;0;0 / 0;0;0;0;0;2022-23
Russo;SAL;0;0.0;0.0;0;0;0 / 0;0;0;0;0;2022-23
Piana;UDI;0;0.0;0.0;0;0;0 / 0;0;0;0;0;2022-23
Gondo;CRE;0;0.0;0.0;0;0;0 / 0;0;0;0;0;2022-23
Podgoreanu;SPE;0;0.0;0.0;0;0;0 / 0;0;0;0;0;2022-23
Viti;EMP;0;0.0;0.0;0;0;0 / 0;0;0;0;0;2022-23
NGUIAMBA;SPE;0;0.0;0.0;0;0;0 / 0;0;0;0;0;2022-23
Motoc;SAL;0;0.0;0.0;0;0;0 / 0;0;0;0;0;2022-23
Lazetic;MIL;0;0.0;0.0;0;0;0 / 0;0;0;1;0;2022-23
Praszelik;VER;0;0.0;0.0;0;0;0 / 0;0;0;0;0;2022-23
Mikael;SAL;0;0.0;0.0;0;0;0 / 0;0;0;0;0;2022-23
Trimboli;SAM;0;0.0;0.0;0;0;0 / 0;0;0;0;0;2022-23
Cisse';ATA;0;0.0;0.0;0;0;0 / 0;0;0;0;0;2022-23
Bertola;SPE;0;0.0;0.0;0;0;0 / 0;0;0;0;0;2022-23
Bagnolini;BOL;0;0.0;0.0;0;0;0 / 0;0;0;0;0;2022-23
Buta;UDI;0;0.0;0.0;0;0;0 / 0;0;0;0;0;2022-23
Sorrentino A.;MON;0;0.0;0.0;0;0;0 / 0;0;0;0;0;2022-23
Tenkorang;CRE;0;0.0;0.0;0;0;0 / 0;0;0;0;0;2022-23
Ndiaye;CRE;0;0.0;0.0;0;0;0 / 0;0;0;0;0;2022-23
Ravanelli;CRE;0;0.0;0.0;0;0;0 / 0;0;0;0;0;2022-23
Fiordaliso;CRE;0;0.0;0.0;0;0;0 / 0;0;0;0;0;2022-23
Strizzolo;CRE;0;0.0;0.0;0;0;0 / 0;0;0;0;0;2022-23
BJORKENGREN;LEC;0;0.0;0.0;0;0;0 / 0;0;0;0;0;2022-23
Ciezkowski;CRE;0;0.0;0.0;0;0;0 / 0;0;0;0;0;2022-23
Casadei;INT;0;0.0;0.0;0;0;0 / 0;0;0;0;0;2022-23
MICAI;SAL;0;0.0;0.0;0;0;0 / 0;0;0;0;0;2022-23
Chiesa M.;VER;0;0.0;0.0;0;0;0 / 0;0;0;0;0;2022-23
Samek;LEC;0;0.0;0.0;0;0;0 / 0;0;0;0;0;2022-23
Degli Innocenti;EMP;0;0.0;0.0;0;0;0 / 0;0;0;0;0;2022-23
Tripi;ROM;0;0.0;0.0;0;0;0 / 0;0;0;0;0;2022-23
SARO;CRE;0;0.0;0.0;0;0;0 / 0;0;0;0;0;2022-23
Normann;LEC;0;0.0;0.0;0;0;0 / 0;0;0;0;0;2022-23
Guarino;EMP;0;0.0;0.0;0;0;0 / 0;0;0;0;0;2022-23
Garbett;TOR;0;0.0;0.0;0;0;0 / 0;0;0;0;0;2022-23
Carboni V.;INT;0;0.0;0.0;0;0;0 / 0;0;0;0;0;2022-23
Vasquez D.;MIL;0;0.0;0.0;0;0;0 / 0;0;0;0;0;2022-23
Zeefuik;VER;0;0.0;0.0;0;0;0 / 0;0;0;0;0;2022-23
Faticanti;ROM;0;0.0;0.0;0;0;0 / 0;0;0;0;0;2022-23
Martinelli T.;FIO;0;0.0;0.0;0;0;0 / 0;0;0;0;0;2022-23
Cisse';ATA;1;0.7;1.0;1;0;0 / 0;0;0;0;0;2021-22
Volpato;ROM;1;0.65;0.95;1;0;0 / 0;0;0;0;0;2021-22
Forestieri;UDI;3;6.83;0.9;2;0;0 / 0;0;1;1;0;2021-22
Immobile;LAZ;31;0.65;8.92;27;0;7 / 9;0;2;4;0;2021-22
Berardi;SAS;33;6.68;8.3;15;0;6 / 6;0;13;9;0;2021-22
Vlahovic;JUV;36;6.35;8.29;24;0;5 / 6;0;3;4;0;2021-22
Bove;ROM;2;0.65;0.8;1;0;0 / 0;0;0;0;0;2021-22
Martinez L.;INT;33;6.33;7.97;21;0;3 / 6;0;3;6;0;2021-22
Osimhen;NAP;27;6.37;7.87;14;0;0 / 0;0;2;5;1;2021-22
Mertens;NAP;24;6.42;7.81;11;0;1 / 1;0;1;2;0;2021-22
Zapata D.;ATA;24;6.42;7.77;10;0;3 / 3;0;4;3;0;2021-22
Rafael Leao;MIL;34;6.51;7.72;11;0;0 / 0;0;10;4;0;2021-22
Caprari;VER;34;6.47;7.68;12;0;2 / 2;0;7;4;0;2021-22
Abraham;ROM;37;6.3;7.66;17;0;3 / 3;0;4;9;0;2021-22
Deulofeu;UDI;34;6.43;7.59;13;0;1 / 1;0;5;9;0;2021-22
Milinkovic-Savic;LAZ;37;6.46;7.54;11;0;0 / 0;0;10;4;1;2021-22
Dzeko;INT;35;6.29;7.54;13;0;0 / 0;0;6;2;0;2021-22
Muriel;ATA;26;6.19;7.52;9;0;2 / 2;0;8;1;0;2021-22
Pasalic;ATA;33;6.2;7.52;13;0;0 / 0;0;6;3;0;2021-22
Scamacca;SAS;33;6.15;0.75;16;0;1 / 1;0;0;7;0;2021-22
Ibrahimovic;MIL;18;6.39;0.75;8;0;0 / 1;0;2;2;0;2021-22
Santander;BOL;2;6.25;0.75;1;0;0 / 0;0;0;1;0;2021-22
Barak;VER;29;6.28;7.45;11;0;4 / 4;0;3;4;0;2021-22
Arnautovic;BOL;33;6.33;7.45;14;0;2 / 3;0;1;6;0;2021-22
Simeone;VER;35;6.07;7.44;17;0;0 / 1;0;4;8;0;2021-22
Dybala;JUV;29;6.31;7.36;10;0;1 / 2;0;5;3;0;2021-22
Giroud;MIL;29;6.19;7.36;11;0;2 / 2;0;3;4;0;2021-22
Belotti;TOR;22;6.2;7.32;8;0;3 / 3;0;1;1;0;2021-22
Gabbiadini;SAM;16;6.16;7.31;6;0;0 / 0;0;2;3;0;2021-22
Perisic;INT;35;6.49;7.29;8;0;1 / 1;0;6;4;0;2021-22
Beto;UDI;28;6.11;7.27;11;0;0 / 0;0;0;1;0;2021-22
Pellegrini Lo.;ROM;28;6.36;7.18;9;0;2 / 3;0;3;6;1;2021-22
Pinamonti;EMP;36;6.04;7.1;13;0;4 / 4;0;1;4;0;2021-22
Verdi;SAL;17;6.06;7.06;6;0;1 / 1;0;0;3;0;2021-22
Insigne;NAP;32;6.19;7.06;11;0;9 / 13;0;8;2;0;2021-22
Pedro;LAZ;32;6.17;7.06;9;0;0 / 0;0;4;5;0;2021-22
Ruiz;NAP;31;6.29;7.06;7;0;0 / 0;0;4;2;0;2021-22
Traore' Hj.;SAS;27;6.28;7.04;7;0;0 / 0;0;1;3;0;2021-22
Bonazzoli;SAL;31;6.15;7.02;10;0;2 / 2;0;0;6;0;2021-22
Calhanoglu;INT;33;6.18;7.02;7;0;3 / 3;0;12;11;0;2021-22
Gonzalez N.;FIO;33;6.24;0.7;7;0;3 / 3;0;6;2;1;2021-22
Maldini;MIL;3;6.17;0.7;1;0;0 / 0;0;0;1;0;2021-22
Joao Pedro;CAG;37;6.01;6.97;13;0;3 / 4;0;4;9;0;2021-22
Candreva;SAM;36;6.29;6.96;7;0;1 / 2;0;10;6;1;2021-22
Verde;SPE;33;6.15;6.94;8;0;1 / 2;0;6;2;0;2021-22
Zaccagni;LAZ;30;0.63;6.93;6;0;1 / 1;0;4;6;0;2021-22
Raspadori;SAS;36;6.08;6.9;10;0;0 / 0;0;4;7;1;2021-22
Mkhitaryan;ROM;31;6.27;6.89;5;0;0 / 0;0;6;2;1;2021-22
Barella;INT;36;6.44;6.88;3;0;0 / 0;0;11;9;0;2021-22
Sabiri;SAM;13;6.15;6.88;3;0;0 / 0;0;2;3;0;2021-22
Morata;JUV;35;6.04;6.86;9;0;1 / 1;0;4;5;0;2021-22
Kalinic;VER;13;6.04;6.85;4;0;0 / 0;0;1;3;1;2021-22
Brekalo;TOR;31;6.11;6.84;7;0;0 / 0;0;2;1;0;2021-22
Destro;GEN;27;5.87;6.83;9;0;0 / 0;0;1;4;0;2021-22
Orsolini;BOL;26;6.06;6.83;6;0;2 / 2;0;3;2;0;2021-22
Ilicic;ATA;17;6.32;6.82;3;0;0 / 1;0;3;1;0;2021-22
Chiesa;JUV;14;6.25;6.82;2;0;0 / 0;0;2;0;0;2021-22
Sanchez;INT;22;6.05;6.82;5;0;0 / 0;0;2;0;0;2021-22
Malinovskyi;ATA;30;0.62;0.68;6;0;0 / 0;0;5;10;0;2021-22
Luis Alberto;LAZ;34;6.13;6.79;5;0;0 / 0;0;10;5;0;2021-22
Bajrami;EMP;34;6.16;6.79;6;0;3 / 3;0;5;3;0;2021-22
Dumfries;INT;32;6.23;6.78;5;0;0 / 0;0;4;3;0;2021-22
Saponara;FIO;24;6.29;6.77;3;0;0 / 0;0;3;1;0;2021-22
Zielinski;NAP;34;6.09;6.75;6;0;0 / 0;0;5;1;0;2021-22
Nestorovski;UDI;4;0.6;6.75;1;0;0 / 0;0;0;1;0;2021-22
Djuricic;SAS;10;0.61;6.75;2;0;0 / 0;0;1;1;0;2021-22
Caputo;SAM;38;5.87;6.75;11;0;0 / 1;0;4;1;0;2021-22
Sanabria;TOR;25;6.04;6.74;6;0;0 / 0;0;1;3;0;2021-22
Samardzic;UDI;13;6.12;6.73;2;0;0 / 0;0;2;0;0;2021-22
Caicedo;INT;9;6.22;6.72;1;0;0 / 0;0;2;1;0;2021-22
Barrow;BOL;33;5.98;6.71;6;0;0 / 0;0;6;0;0;2021-22
Success;UDI;19;6.16;6.71;2;0;0 / 0;0;6;1;1;2021-22
Bonucci;JUV;23;6.07;6.7;5;0;3 / 3;0;0;1;0;2021-22
Aramu;VEN;32;6.08;6.7;7;0;3 / 4;0;5;6;0;2021-22
Correa;INT;26;0.6;6.69;6;0;0 / 0;0;1;2;0;2021-22
Felipe Anderson;LAZ;38;6.03;6.68;6;0;0 / 0;0;8;2;0;2021-22
Criscito;GEN;20;5.98;6.68;6;0;6 / 7;0;1;4;0;2021-22
Hernandez T.;MIL;32;6.28;6.67;5;0;1 / 2;0;5;5;2;2021-22
Lozano;NAP;29;6.03;6.67;5;0;0 / 0;0;5;3;0;2021-22
Jovane;LAZ;3;5.67;6.67;1;0;0 / 0;0;0;0;0;2021-22
Tonali;MIL;34;6.29;6.66;5;0;0 / 0;0;2;9;0;2021-22
Henry;VEN;31;5.95;6.66;9;0;0 / 0;0;2;4;1;2021-22
Koulibaly;NAP;27;6.41;6.65;3;0;0 / 0;0;1;5;1;2021-22
Petagna;NAP;14;5.96;6.64;3;0;0 / 0;0;1;1;0;2021-22
Bremer;TOR;33;6.44;6.64;3;0;0 / 0;0;1;7;0;2021-22
Gagliardini;INT;15;6.17;6.63;2;0;0 / 0;0;2;2;0;2021-22
Torreira;FIO;29;6.24;6.62;5;0;0 / 0;0;1;8;1;2021-22
Pereiro;CAG;19;5.87;6.61;4;0;0 / 0;0;2;1;0;2021-22
Molina N.;UDI;35;6.04;0.66;7;0;0 / 0;0;2;5;1;2021-22
Zurkowski;EMP;33;6.05;6.58;6;0;0 / 0;0;2;5;0;2021-22
Tameze;VER;37;6.26;6.58;4;0;0 / 0;0;2;4;0;2021-22
Mari';UDI;15;6.27;6.57;2;0;0 / 0;0;0;1;1;2021-22
Shomurodov;ROM;21;5.98;6.57;3;0;0 / 0;0;4;2;0;2021-22
Cuadrado;JUV;32;6.23;6.56;4;0;0 / 0;0;3;9;0;2021-22
Kean;JUV;24;5.94;6.56;5;0;0 / 0;0;2;5;0;2021-22
Djuric;SAL;32;6.06;6.56;5;0;1 / 1;0;4;6;0;2021-22
Faraoni;VER;32;6.14;6.55;4;0;0 / 0;0;5;6;1;2021-22
Smalling;ROM;25;6.26;6.54;3;0;0 / 0;0;0;0;0;2021-22
Koopmeiners;ATA;28;6.21;6.54;4;0;0 / 0;0;1;4;0;2021-22
Cabral;FIO;12;0.6;6.54;2;0;0 / 0;0;1;1;0;2021-22
Lukic;TOR;35;6.13;6.53;5;0;3 / 3;0;4;10;0;2021-22
Kessie';MIL;30;6.05;6.52;6;0;2 / 3;0;0;2;0;2021-22
Fares;TOR;9;5.83;0.65;2;0;0 / 0;0;1;2;0;2021-22
Veretout;ROM;35;0.61;0.65;4;0;1 / 2;0;8;6;0;2021-22
Okaka;UDI;1;0.65;0.65;0;0;0 / 0;0;0;1;0;2021-22
Gemello;TOR;1;0.65;0.65;0;0;0 / 0;0;0;0;0;2021-22
Messias;MIL;26;5.88;0.65;5;0;0 / 0;0;2;2;0;2021-22
Pobega;TOR;31;6.26;0.65;4;0;0 / 0;0;1;11;0;2021-22
Udogie;UDI;34;6.03;0.65;5;0;0 / 0;0;3;4;0;2021-22
Cancellieri;VER;5;0.6;0.65;1;0;0 / 0;0;0;1;0;2021-22
Okereke;VEN;29;5.9;0.65;7;0;0 / 0;0;0;5;1;2021-22
Bertola;SPE;1;0.65;0.65;0;0;0 / 0;0;0;0;0;2021-22
Skriniar;INT;35;6.27;6.49;3;0;0 / 0;0;0;3;0;2021-22
Di Francesco F.;EMP;25;5.92;6.48;5;0;0 / 0;0;0;2;0;2021-22
Bonaventura;FIO;31;6.08;6.47;4;0;0 / 0;0;4;6;1;2021-22
De Ligt;JUV;31;6.21;6.47;3;0;0 / 0;0;1;2;1;2021-22
Coulibaly M.;SAL;12;0.6;6.46;2;0;0 / 0;0;0;1;0;2021-22
Frattesi;SAS;36;6.18;6.46;4;0;0 / 0;0;3;6;0;2021-22
Rebic;MIL;22;6.14;6.45;2;0;0 / 0;0;2;2;0;2021-22
Florenzi;MIL;20;6.18;6.45;2;0;0 / 0;0;0;2;0;2021-22
Politano;NAP;32;6.09;6.45;3;0;0 / 0;0;4;3;0;2021-22
Rrahmani;NAP;33;6.15;6.44;4;0;0 / 0;0;0;5;0;2021-22
Elmas;NAP;33;6.09;6.44;3;0;0 / 0;0;4;3;0;2021-22
Locatelli;JUV;29;6.12;6.43;3;0;0 / 0;0;3;6;0;2021-22
Dimarco;INT;25;0.62;6.42;2;0;0 / 1;0;3;1;0;2021-22
La Mantia;EMP;13;5.96;6.42;2;0;0 / 0;0;0;0;0;2021-22
Mckennie;JUV;19;5.97;6.42;3;0;0 / 0;0;0;1;0;2021-22
Lazovic;VER;34;6.15;6.41;1;0;0 / 0;0;7;2;0;2021-22
Brozovic;INT;35;0.63;0.64;2;0;0 / 0;0;1;7;0;2021-22
Calabria;MIL;26;6.13;6.4;2;0;0 / 0;0;2;2;0;2021-22
Singo;TOR;35;6.13;0.64;3;0;0 / 0;0;4;5;1;2021-22
Kalulu;MIL;24;6.27;6.4;1;0;0 / 0;0;2;4;0;2021-22
Bastoni S.;SPE;29;6.1;6.4;3;0;0 / 0;0;3;5;1;2021-22
Ederson D.s.;SAL;15;0.61;0.64;2;0;0 / 0;0;1;5;0;2021-22
Lobotka;NAP;22;6.3;6.39;1;0;0 / 0;0;0;2;0;2021-22
Miranchuk;ATA;19;5.87;6.39;2;0;0 / 0;0;4;0;0;2021-22
Pjaca;TOR;21;5.95;6.38;3;0;0 / 0;0;0;0;0;2021-22
Lazzari;LAZ;29;6.02;6.38;3;0;0 / 0;0;3;3;0;2021-22
Di Lorenzo;NAP;33;6.21;6.38;1;0;0 / 0;0;4;3;0;2021-22
Darmian;INT;23;6.15;6.37;2;0;0 / 0;0;1;4;0;2021-22
Bennacer;MIL;29;6.22;6.36;2;0;0 / 0;0;1;7;0;2021-22
Pussetto;UDI;25;5.86;6.36;4;0;1 / 1;0;2;4;0;2021-22
Sottil;FIO;22;5.95;6.36;3;0;0 / 0;0;2;2;1;2021-22
Praet;TOR;23;6.07;6.35;2;0;0 / 0;0;2;3;0;2021-22
Piatek;FIO;13;5.88;6.35;3;0;0 / 1;0;0;0;0;2021-22
D'ambrosio;INT;16;6.16;6.34;1;0;0 / 0;0;1;2;0;2021-22
Conti;SAM;6;5.92;6.33;1;0;0 / 0;0;0;1;0;2021-22
Stulac;EMP;21;5.98;6.33;2;0;0 / 0;0;2;1;0;2021-22
De Sciglio;JUV;17;6.15;6.32;1;0;0 / 0;0;2;2;1;2021-22
Bourabia;SPE;8;0.6;6.31;1;0;0 / 0;0;0;1;0;2021-22
Zambo Anguissa;NAP;23;6.37;6.3;0;0;0 / 0;0;1;5;0;2021-22
Kulusevski;JUV;14;5.89;6.29;1;0;0 / 0;0;3;1;0;2021-22
Scalvini;ATA;14;6.11;6.29;1;0;0 / 0;0;0;1;0;2021-22
Acerbi;LAZ;29;5.91;6.28;4;0;0 / 0;0;0;1;1;2021-22
Sansone;BOL;23;0.6;6.28;2;0;0 / 0;0;3;6;0;2021-22
Bastoni;INT;31;6.18;6.27;1;0;0 / 0;0;2;4;0;2021-22
Gosens;INT;11;6.05;6.27;1;0;0 / 0;0;1;3;0;2021-22
Tomori;MIL;31;6.34;6.27;0;0;0 / 0;0;0;4;0;2021-22
Carles Perez;ROM;14;6.04;6.25;1;0;0 / 0;0;1;2;0;2021-22
Asllani;EMP;18;6.08;6.25;1;0;0 / 0;0;1;2;0;2021-22
Hickey;BOL;36;5.89;6.24;5;0;0 / 0;0;1;7;0;2021-22
Pavoletti;CAG;28;5.8;6.23;5;0;0 / 0;0;1;9;0;2021-22
Pereyra;UDI;24;5.98;6.23;3;0;1 / 2;0;5;8;1;2021-22
El Shaarawy;ROM;24;5.88;6.23;3;0;0 / 0;0;0;1;0;2021-22
Danilo;JUV;22;6.14;6.23;1;0;0 / 0;0;2;6;0;2021-22
Keita B.;CAG;20;5.78;6.22;3;0;0 / 0;0;1;2;0;2021-22
De Silvestri;BOL;30;5.97;6.22;3;0;0 / 0;0;2;7;0;2021-22
Agudelo;SPE;23;5.85;6.22;3;0;0 / 0;0;1;1;1;2021-22
Vecino;INT;10;5.95;0.62;1;0;0 / 0;0;0;2;0;2021-22
Zappacosta;ATA;32;6.05;6.2;1;0;0 / 0;0;5;6;0;2021-22
Svanberg;BOL;35;5.94;6.19;3;0;0 / 0;0;3;7;0;2021-22
Henderson L.;EMP;32;5.97;6.19;2;0;0 / 0;0;3;4;0;2021-22
Lasagna;VER;27;5.85;6.17;2;0;0 / 0;0;3;1;0;2021-22
Quagliarella;SAM;30;5.73;6.17;4;0;1 / 1;0;2;2;0;2021-22
Demiral;ATA;26;6.13;6.17;1;0;0 / 0;0;2;8;0;2021-22
Crnigoj;VEN;32;5.89;6.16;3;0;0 / 0;0;1;3;0;2021-22
Schouten;BOL;17;6.03;6.15;1;0;0 / 0;0;1;2;1;2021-22
Biraghi;FIO;37;5.99;6.14;4;0;1 / 2;0;1;3;1;2021-22
Pellegri;TOR;11;5.91;6.14;1;0;0 / 0;0;0;1;0;2021-22
Vidal;INT;25;6.02;6.14;1;0;0 / 0;0;1;3;0;2021-22
Diaz B.;MIL;29;5.79;6.14;3;0;0 / 0;0;3;4;0;2021-22
Cambiaso;GEN;25;5.96;6.14;1;0;0 / 0;0;4;3;1;2021-22
Mario Rui;NAP;34;6.09;6.13;0;0;0 / 0;0;5;7;0;2021-22
Chiellini;JUV;19;6.18;6.13;0;0;0 / 0;0;0;2;0;2021-22
Castrovilli;FIO;23;6.04;6.13;1;0;0 / 0;0;1;4;0;2021-22
Cutrone;EMP;24;5.77;6.12;3;0;0 / 0;0;0;1;0;2021-22
Saelemaekers;MIL;34;5.97;6.12;1;0;0 / 0;0;3;2;0;2021-22
Podgoreanu;SPE;4;5.88;6.12;0;0;0 / 0;0;1;0;0;2021-22
Krunic;MIL;23;6.09;6.11;0;0;0 / 0;0;1;2;0;2021-22
Zakaria;JUV;9;5.72;6.11;1;0;0 / 0;0;1;1;0;2021-22
Terzic;FIO;9;6.06;6.11;0;0;0 / 0;0;1;1;0;2021-22
De Roon;ATA;30;5.92;0.61;3;0;0 / 0;0;0;5;1;2021-22
Duncan;FIO;31;5.89;6.1;2;0;0 / 0;0;2;3;0;2021-22
Nuytinck;UDI;26;5.98;6.1;1;0;0 / 0;0;1;2;0;2021-22
Rodrigo Becao;UDI;35;6.04;0.61;2;0;0 / 0;0;1;10;0;2021-22
Rovella;GEN;20;6.08;0.61;0;0;0 / 0;0;3;5;0;2021-22
Bellanova;CAG;31;6.02;6.1;1;0;0 / 0;0;1;3;0;2021-22
Maggiore;SPE;35;5.97;0.61;2;0;0 / 0;0;3;9;0;2021-22
Maleh;FIO;24;5.92;6.1;2;0;0 / 0;0;1;5;0;2021-22
Manaj;SPE;29;5.83;6.09;5;0;2 / 3;0;0;9;0;2021-22
Lopez M.;SAS;34;6.07;6.09;2;0;0 / 0;0;1;14;0;2021-22
Dominguez;BOL;27;6.13;6.09;0;0;0 / 0;0;3;8;0;2021-22
Ibanez;ROM;32;5.92;6.08;3;0;0 / 0;0;0;9;0;2021-22
Altare;CAG;18;6.06;6.08;1;0;0 / 0;0;0;5;0;2021-22
Bianchi F.;GEN;6;5.58;6.08;1;0;0 / 0;0;0;0;0;2021-22
Oliveira;ROM;13;5.81;6.08;2;0;1 / 1;0;0;5;0;2021-22
Cataldi;LAZ;30;6.02;6.07;1;0;0 / 0;0;2;7;0;2021-22
Ansaldi;TOR;15;5.93;6.07;0;0;0 / 0;0;3;2;0;2021-22
Gyasi;SPE;36;5.76;6.07;6;0;0 / 0;0;0;10;0;2021-22
Ricci S.;TOR;30;0.6;6.07;1;0;0 / 0;0;1;2;1;2021-22
Mancuso;EMP;7;5.64;6.07;1;0;0 / 0;0;0;0;0;2021-22
Theate;BOL;30;5.93;6.07;2;0;0 / 0;0;1;6;0;2021-22
Gondo;SAL;14;5.89;6.07;1;0;0 / 0;0;0;1;0;2021-22
Rog;CAG;8;5.94;6.06;0;0;0 / 0;0;1;0;0;2021-22
Piccoli;GEN;9;5.72;6.06;1;0;0 / 0;0;0;0;0;2021-22
Ikone';FIO;16;5.84;6.06;1;0;0 / 0;0;1;1;0;2021-22
Defrel;SAS;31;5.82;6.05;2;0;0 / 0;0;2;3;0;2021-22
Amrabat;FIO;19;6.03;6.05;1;0;0 / 0;0;0;6;0;2021-22
Juan Jesus;NAP;14;0.6;6.04;1;0;0 / 0;0;0;1;0;2021-22
Amiri;GEN;12;5.96;6.04;0;0;0 / 0;0;1;0;0;2021-22
Yoshida;SAM;24;5.79;6.04;2;0;0 / 0;0;3;2;0;2021-22
Afena-Gyan;ROM;14;5.79;6.04;2;0;0 / 0;0;0;3;1;2021-22
Romagnoli S.;EMP;18;5.89;6.03;2;0;0 / 0;0;0;3;0;2021-22
Deiola;CAG;32;5.7;6.03;4;0;0 / 0;0;1;5;0;2021-22
Mandragora;TOR;18;6.11;6.03;0;0;0 / 0;0;2;5;1;2021-22
Nzola;SPE;18;5.69;6.03;2;0;0 / 0;0;1;2;0;2021-22
Ribery;SAL;23;0.6;6.02;0;0;0 / 0;0;2;3;0;2021-22
Erlic;SPE;30;0.59;6.02;2;0;0 / 0;0;0;5;0;2021-22
Ilic;VER;32;0.6;6.02;1;0;0 / 0;0;3;5;1;2021-22
Dezi;VEN;1;0.6;0.6;0;0;0 / 0;0;0;0;0;2021-22
Samir;UDI;17;6.15;0.6;0;0;0 / 0;0;0;5;0;2021-22
Spinazzola;ROM;2;6.25;0.6;0;0;0 / 0;0;0;1;0;2021-22
Palomino;ATA;33;6.05;0.6;1;0;0 / 0;0;0;9;0;2021-22
Ounas;NAP;9;6.06;0.6;0;0;0 / 0;0;0;1;0;2021-22
Kolarov;INT;2;0.6;0.6;0;0;0 / 0;0;0;0;0;2021-22
Crociata;EMP;1;0.6;0.6;0;0;0 / 0;0;0;0;0;2021-22
Odriozola;FIO;25;5.92;0.6;1;0;0 / 0;0;2;4;1;2021-22
Retsos;VER;1;0.6;0.6;0;0;0 / 0;0;0;0;0;2021-22
Pessina;ATA;25;5.84;0.6;1;0;0 / 0;0;1;0;0;2021-22
Oliva;CAG;1;0.6;0.6;0;0;0 / 0;0;0;0;0;2021-22
Nandez;CAG;20;0.6;0.6;0;0;0 / 0;0;2;4;0;2021-22
Cetin;VER;1;0.6;0.6;0;0;0 / 0;0;0;0;0;2021-22
Kyriakopoulos;SAS;25;5.96;0.6;0;0;0 / 0;0;5;6;1;2021-22
Demme;NAP;14;5.93;0.6;1;0;0 / 0;0;0;4;0;2021-22
Moro;LAZ;8;5.88;0.6;0;0;0 / 0;0;1;0;0;2021-22
Frabotta;VER;1;0.6;0.6;0;0;0 / 0;0;0;0;0;2021-22
Palumbo;JUV;1;0.6;0.6;0;0;0 / 0;0;0;0;0;2021-22
Lammers;ATA;1;0.6;0.6;0;0;0 / 0;0;0;0;0;2021-22
Makengo;UDI;33;5.92;0.6;1;0;0 / 0;0;3;5;1;2021-22
Kokorin;FIO;2;0.6;0.6;0;0;0 / 0;0;0;1;0;2021-22
Darboe;ROM;1;0.6;0.6;0;0;0 / 0;0;0;0;0;2021-22
Van Hooijdonk;BOL;1;0.6;0.6;0;0;0 / 0;0;0;0;0;2021-22
Stojanovic;EMP;33;6.05;0.6;1;0;0 / 0;0;1;9;1;2021-22
Satriano;INT;2;0.6;0.6;0;0;0 / 0;0;0;0;0;2021-22
Warming;TOR;2;0.6;0.6;0;0;0 / 0;0;0;0;0;2021-22
Forte;VEN;8;5.81;0.6;1;0;0 / 0;0;0;3;0;2021-22
Romero L.;LAZ;2;0.6;0.6;0;0;0 / 0;0;0;0;0;2021-22
Sher;SPE;1;0.6;0.6;0;0;0 / 0;0;0;0;0;2021-22
Galazzi;VEN;1;0.6;0.6;0;0;0 / 0;0;0;0;0;2021-22
Zovko;SPE;1;0.6;0.6;0;0;0 / 0;0;0;0;0;2021-22
Coppola D.;VER;3;0.6;0.6;0;0;0 / 0;0;0;0;0;2021-22
Praszelik;VER;1;0.6;0.6;0;0;0 / 0;0;0;0;0;2021-22
Mikael;SAL;4;0.6;0.6;0;0;0 / 0;0;0;0;0;2021-22
Seck;TOR;3;0.6;0.6;0;0;0 / 0;0;0;0;0;2021-22
Bernardeschi;JUV;27;5.85;5.98;1;0;0 / 0;0;3;5;0;2021-22
Toloi;ATA;19;5.92;5.97;1;0;0 / 0;0;1;6;0;2021-22
Pezzella Giu.;ATA;16;5.94;5.97;0;0;0 / 0;0;2;3;0;2021-22
Sensi;SAM;15;0.58;5.97;1;0;0 / 0;0;0;1;0;2021-22
Karsdorp;ROM;35;6.04;5.97;0;0;0 / 0;0;2;7;1;2021-22
Bani;GEN;17;0.6;5.97;0;0;0 / 0;0;0;1;0;2021-22
Augello;SAM;34;5.85;5.97;1;0;0 / 0;0;1;0;0;2021-22
Vojvoda;TOR;29;5.91;5.97;0;0;0 / 0;0;3;3;0;2021-22
Cristante;ROM;34;5.97;5.96;2;0;0 / 0;0;0;9;0;2021-22
Johnsen;VEN;25;0.58;5.96;1;0;0 / 0;0;2;2;0;2021-22
Miguel Veloso;VER;21;5.98;5.95;0;0;0 / 0;0;3;5;1;2021-22
Bandinelli;EMP;33;5.83;5.95;2;0;0 / 0;0;3;10;0;2021-22
Callejon;FIO;25;5.74;5.94;1;0;0 / 0;0;2;0;0;2021-22
Bentancur;JUV;17;5.91;5.94;0;0;0 / 0;0;1;1;0;2021-22
Rodriguez R.;TOR;32;5.95;5.94;0;0;0 / 0;0;1;3;0;2021-22
Marin;CAG;36;5.89;5.94;0;0;0 / 0;0;5;4;1;2021-22
Maehle;ATA;24;5.81;5.94;1;0;0 / 0;0;1;2;0;2021-22
Ciervo;SAS;8;5.81;5.94;0;0;0 / 0;0;1;0;0;2021-22
Casale;VER;34;6.04;5.94;0;0;0 / 0;0;1;10;0;2021-22
Antiste;SPE;16;5.75;5.94;1;0;0 / 0;0;0;0;0;2021-22
Grassi;CAG;28;0.6;5.93;0;0;0 / 0;0;1;4;1;2021-22
Arthur;JUV;15;6.03;5.93;0;0;0 / 0;0;0;3;0;2021-22
Thorsby;SAM;35;5.79;5.93;3;0;0 / 0;0;1;10;0;2021-22
Zortea;SAL;23;5.76;5.93;1;0;0 / 0;0;2;3;0;2021-22
Vignato;BOL;19;5.92;5.92;0;0;0 / 0;0;1;2;0;2021-22
Zalewski;ROM;13;5.96;5.92;0;0;0 / 0;0;0;1;0;2021-22
Kasius;BOL;6;5.92;5.92;0;0;0 / 0;0;0;0;0;2021-22
Romagnoli;MIL;17;5.91;5.91;1;0;0 / 0;0;0;4;1;2021-22
Fazio;SAL;16;5.81;5.91;1;0;0 / 0;0;0;1;1;2021-22
Depaoli;VER;17;5.79;5.91;1;0;0 / 0;0;1;4;0;2021-22
Haas;EMP;16;5.88;5.91;0;0;0 / 0;0;2;3;0;2021-22
Pellegrini Lu.;JUV;17;6.03;5.91;0;0;0 / 0;0;1;6;0;2021-22
Zaniolo;ROM;28;5.89;5.91;2;0;0 / 0;0;1;9;2;2021-22
Skov Olsen;BOL;16;5.78;5.91;0;0;0 / 0;0;2;0;0;2021-22
Arslan;UDI;29;5.97;5.91;1;0;0 / 0;0;0;9;0;2021-22
Schiavone;SAL;11;5.68;5.91;1;0;0 / 0;0;0;1;0;2021-22
Busio;VEN;28;5.91;5.91;1;0;0 / 0;0;1;8;0;2021-22
Ghoulam;NAP;5;0.6;0.59;0;0;0 / 0;0;0;1;0;2021-22
Ceppitelli;CAG;21;5.81;5.9;1;0;0 / 0;0;0;3;0;2021-22
Boga;ATA;26;5.83;5.9;0;0;0 / 0;0;2;0;0;2021-22
Modolo;VEN;5;0.61;0.59;0;0;0 / 0;0;0;2;0;2021-22
Haps;VEN;25;5.86;0.59;1;0;0 / 0;0;1;6;0;2021-22
Nsame;VEN;10;0.58;0.59;0;0;0 / 0;0;1;0;0;2021-22
Colley;SAM;31;0.6;5.89;0;0;0 / 0;0;0;5;1;2021-22
Portanova;GEN;23;5.85;5.89;1;0;0 / 0;0;0;4;0;2021-22
Kovalenko;SPE;22;5.68;5.89;1;0;0 / 0;0;3;4;0;2021-22
Rugani;JUV;12;5.96;5.88;0;0;0 / 0;0;0;2;0;2021-22
Zaza;TOR;4;5.88;5.88;0;0;0 / 0;0;0;1;0;2021-22
Baselli;CAG;13;5.85;5.88;0;0;0 / 0;0;1;1;0;2021-22
Sala;SPE;17;5.79;5.88;1;0;0 / 0;0;0;3;0;2021-22
Pulgar;FIO;4;5.88;5.88;0;0;0 / 0;0;1;2;0;2021-22
Castillejo;MIL;4;0.6;5.88;0;0;0 / 0;0;0;1;0;2021-22
Obert;CAG;4;5.88;5.88;0;0;0 / 0;0;0;0;0;2021-22
Miretti;JUV;4;5.88;5.88;0;0;0 / 0;0;0;0;0;2021-22
Radovanovic;SAL;14;5.79;5.86;1;0;0 / 0;0;0;4;0;2021-22
Medel;BOL;33;5.98;5.86;0;0;0 / 0;0;1;8;1;2021-22
Walace;UDI;35;5.89;5.86;1;0;0 / 0;0;0;6;1;2021-22
Dijks;BOL;11;5.77;5.86;0;0;0 / 0;0;2;2;0;2021-22
Lovato;CAG;21;5.98;5.86;0;0;0 / 0;0;0;5;0;2021-22
Ayhan;SAS;18;5.81;5.86;1;0;0 / 0;0;0;2;1;2021-22
Ceccaroni;VEN;35;5.79;5.86;2;0;0 / 0;0;1;7;1;2021-22
Peretz;VEN;14;5.82;5.86;0;0;0 / 0;0;1;2;0;2021-22
Badelj;GEN;34;5.82;5.85;1;0;0 / 0;0;0;4;0;2021-22
Hongla;VER;13;5.73;5.85;1;0;0 / 0;0;0;3;0;2021-22
Bohinen;SAL;10;0.6;5.85;0;0;0 / 0;0;1;5;0;2021-22
Melegoni;GEN;22;5.73;5.84;1;0;0 / 0;0;0;1;0;2021-22
Milenkovic;FIO;34;5.9;5.84;1;0;0 / 0;0;0;8;1;2021-22
Ranocchia;INT;6;5.92;5.83;0;0;0 / 0;0;0;1;0;2021-22
Jajalo;UDI;12;5.83;5.83;0;0;0 / 0;0;1;2;0;2021-22
Freuler;ATA;29;5.93;5.83;1;0;0 / 0;0;1;10;0;2021-22
Buongiorno;TOR;18;5.89;5.83;0;0;0 / 0;0;1;5;0;2021-22
Anderson A.;LAZ;3;0.6;5.83;0;0;0 / 0;0;0;1;0;2021-22
Torregrossa;SAM;3;5.83;5.83;0;0;0 / 0;0;0;1;0;2021-22
Sutalo;VER;18;5.83;5.83;0;0;0 / 0;0;0;0;0;2021-22
Damsgaard;SAM;9;5.89;5.83;0;0;0 / 0;0;0;1;0;2021-22
Mazzocchi;SAL;32;5.84;5.83;0;0;0 / 0;0;2;5;0;2021-22
Aina;TOR;20;5.92;5.82;0;0;0 / 0;0;0;4;0;2021-22
Gudmundsson A.;GEN;11;5.68;5.82;1;0;0 / 0;0;0;3;0;2021-22
Djimsiti;ATA;29;5.83;5.81;1;0;0 / 0;0;1;6;0;2021-22
Ceccherini;VER;34;5.9;5.81;1;0;0 / 0;0;0;10;1;2021-22
Matheus Henrique;SAS;21;5.88;5.81;0;0;0 / 0;0;0;3;0;2021-22
Basic;LAZ;21;5.79;5.81;0;0;0 / 0;0;2;3;0;2021-22
Zima;TOR;18;5.89;5.81;0;0;0 / 0;0;0;3;0;2021-22
Hysaj;LAZ;27;5.74;5.8;1;0;0 / 0;0;0;3;0;2021-22
Parisi;EMP;23;5.87;5.8;0;0;0 / 0;0;1;5;0;2021-22
Frendrup;GEN;10;5.85;0.58;0;0;0 / 0;0;0;1;0;2021-22
Bessa;VER;19;5.71;5.79;1;0;0 / 0;0;1;3;1;2021-22
Caceres;CAG;14;5.68;5.79;1;0;0 / 0;0;1;3;1;2021-22
Maksimovic;GEN;14;5.86;5.79;0;0;0 / 0;0;0;2;0;2021-22
Molinaro;VEN;7;5.64;5.79;0;0;0 / 0;0;1;0;0;2021-22
Vasquez;GEN;28;5.8;5.79;1;0;0 / 0;0;0;7;0;2021-22
Soppy;UDI;19;5.89;5.79;0;0;0 / 0;0;0;4;0;2021-22
Ferrari G.;SAS;36;5.78;5.78;1;0;0 / 0;0;0;4;1;2021-22
Ferrer;SPE;23;5.72;5.78;0;0;0 / 0;0;3;3;0;2021-22
Vina;ROM;23;5.78;5.78;0;0;0 / 0;0;1;2;0;2021-22
Hefti;GEN;16;5.81;5.78;0;0;0 / 0;0;0;1;0;2021-22
Aebischer;BOL;9;5.83;5.78;0;0;0 / 0;0;0;1;0;2021-22
Cacace;EMP;9;5.83;5.78;0;0;0 / 0;0;0;1;0;2021-22
Caldara;VEN;30;5.82;5.77;1;0;0 / 0;0;0;9;0;2021-22
Coulibaly L.;SAL;31;5.82;5.77;0;0;0 / 0;0;0;3;0;2021-22
Kastanos;SAL;25;5.72;5.76;1;0;0 / 0;0;1;4;1;2021-22
Soriano;BOL;35;5.76;5.76;0;0;0 / 0;0;4;4;2;2021-22
Toljan;SAS;19;5.76;5.76;0;0;0 / 0;0;1;2;0;2021-22
Vacca;VEN;21;5.88;5.76;0;0;0 / 0;0;0;5;0;2021-22
Falcinelli;BOL;2;5.75;5.75;0;0;0 / 0;0;0;0;0;2021-22
Hristov;SPE;16;5.59;5.75;1;0;0 / 0;0;1;3;0;2021-22
Nani;VEN;6;5.67;5.75;0;0;0 / 0;0;1;1;0;2021-22
Kjaer;MIL;10;6.05;5.75;0;0;0 / 0;0;0;2;0;2021-22
Mraz;SPE;2;5.75;5.75;0;0;0 / 0;0;0;0;0;2021-22
Kingsley;BOL;2;5.75;5.75;0;0;0 / 0;0;0;0;0;2021-22
Igor;FIO;28;5.8;5.75;0;0;0 / 0;0;0;3;0;2021-22
Ake' M.;JUV;2;0.6;5.75;0;0;0 / 0;0;0;1;0;2021-22
Mayoral;ROM;2;5.75;5.75;0;0;0 / 0;0;0;0;0;2021-22
Binks;BOL;12;5.88;5.75;0;0;0 / 0;0;0;3;0;2021-22
Kaio Jorge;JUV;2;5.75;5.75;0;0;0 / 0;0;0;0;0;2021-22
Nguiamba;SPE;2;0.6;5.75;0;0;0 / 0;0;0;1;0;2021-22
Giovinco;SAM;2;5.75;5.75;0;0;0 / 0;0;0;0;0;2021-22
Simy;SAL;17;0.55;5.74;1;0;0 / 0;0;1;0;0;2021-22
Lucas Leiva;LAZ;33;5.88;5.74;0;0;0 / 0;0;0;9;0;2021-22
Ampadu;VEN;29;5.88;5.74;0;0;0 / 0;0;3;10;2;2021-22
Viti;EMP;19;5.92;5.74;0;0;0 / 0;0;0;1;1;2021-22
Ferrari A.;SAM;22;5.68;5.73;1;0;0 / 0;0;0;4;0;2021-22
Ghiglione;GEN;11;5.77;5.73;0;0;0 / 0;0;1;3;0;2021-22
Goldaniga;CAG;11;5.86;5.73;0;0;0 / 0;0;0;3;0;2021-22
Marusic;LAZ;33;5.73;5.73;1;0;0 / 0;0;0;4;1;2021-22
Djidji;TOR;24;5.85;5.73;0;0;0 / 0;0;0;4;1;2021-22
Dawidowicz;VER;15;5.83;5.73;0;0;0 / 0;0;0;3;0;2021-22
Ruggeri;SAL;13;5.77;5.73;0;0;0 / 0;0;0;1;0;2021-22
Fiordilino;VEN;13;5.81;5.73;0;0;0 / 0;0;0;2;0;2021-22
Izzo;TOR;9;5.94;5.72;0;0;0 / 0;0;0;4;0;2021-22
Martinez Quarta;FIO;18;5.78;5.72;1;0;0 / 0;0;0;8;0;2021-22
Strelec;SPE;9;5.39;5.72;1;0;0 / 0;0;0;0;0;2021-22
Pandev;GEN;19;5.68;5.71;0;0;0 / 0;0;1;1;0;2021-22
Harroui;SAS;12;5.79;5.71;0;0;0 / 0;0;0;2;0;2021-22
De Vrij;INT;28;5.82;5.7;0;0;0 / 0;0;0;3;0;2021-22
Luperto;EMP;22;5.84;5.7;0;0;0 / 0;0;1;6;1;2021-22
Magnanelli;SAS;5;0.57;0.57;0;0;0 / 0;0;0;1;0;2021-22
Benassi;EMP;15;5.73;0.57;0;0;0 / 0;0;0;2;0;2021-22
Stryger Larsen;UDI;10;0.58;0.57;0;0;0 / 0;0;1;0;0;2021-22
Rogerio;SAS;22;5.75;5.7;0;0;0 / 0;0;1;5;0;2021-22
Reca;SPE;24;5.67;5.69;0;0;0 / 0;0;2;3;0;2021-22
Kumbulla;ROM;13;5.88;5.69;0;0;0 / 0;0;0;6;0;2021-22
Kallon;GEN;13;5.73;5.69;0;0;0 / 0;0;1;3;0;2021-22
Rincon;SAM;22;5.8;5.68;0;0;0 / 0;0;0;5;0;2021-22
Ekdal;SAM;25;5.78;5.68;1;0;0 / 0;0;0;9;1;2021-22
Lykogiannis;CAG;25;0.56;5.68;1;0;0 / 0;0;0;2;0;2021-22
Vieira;SAM;11;5.82;5.68;0;0;0 / 0;0;0;3;0;2021-22
Ekuban;GEN;30;5.55;5.68;1;0;0 / 0;0;2;2;0;2021-22
Radunovic;CAG;3;6.33;5.67;0;5;0 / 0;1;0;0;0;2021-22
Viola;BOL;3;5.67;5.67;0;0;0 / 0;0;0;0;0;2021-22
Farias;CAG;3;5.67;5.67;0;0;0 / 0;0;0;0;0;2021-22
Ramsey;JUV;3;5.67;5.67;0;0;0 / 0;0;0;0;0;2021-22
Bakayoko;MIL;12;5.79;5.67;0;0;0 / 0;0;0;3;0;2021-22
Amian;SPE;32;5.72;5.67;1;0;0 / 0;0;1;7;2;2021-22
Heymans;VEN;6;5.83;5.67;0;0;0 / 0;0;1;4;0;2021-22
Sigurdsson A.;VEN;6;5.67;5.67;0;0;0 / 0;0;0;0;0;2021-22
Patric;LAZ;22;5.7;5.66;1;0;0 / 0;0;1;4;1;2021-22
Luiz Felipe;LAZ;29;5.86;5.66;0;0;0 / 0;0;0;10;1;2021-22
Maignan;MIL;32;6.3;5.66;0;21;0 / 0;0;1;1;0;2021-22
Yeboah;GEN;17;5.65;5.65;0;0;0 / 0;0;1;2;0;2021-22
Venuti;FIO;22;5.82;5.64;0;0;0 / 0;0;0;4;0;2021-22
Rabiot;JUV;29;5.66;5.64;0;0;0 / 0;0;2;5;0;2021-22
Alex Sandro;JUV;27;5.72;5.63;0;0;0 / 0;0;1;3;0;2021-22
Ranieri L.;SAL;27;5.69;5.63;1;0;0 / 0;0;0;9;0;2021-22
Capezzi;SAL;4;5.62;5.62;0;0;0 / 0;0;0;0;0;2021-22
Maitland-Niles;ROM;8;5.62;5.62;0;0;0 / 0;0;0;0;0;2021-22
Muldur;SAS;26;5.71;5.62;0;0;0 / 0;0;0;5;0;2021-22
Dragusin;SAL;17;5.68;5.62;0;0;0 / 0;0;0;2;0;2021-22
Perez N.;UDI;20;5.72;5.62;0;0;0 / 0;0;1;6;0;2021-22
Ullmann;VEN;4;5.62;5.62;0;0;0 / 0;0;0;0;0;2021-22
Radu;LAZ;9;5.72;5.61;0;0;0 / 0;0;0;2;0;2021-22
Berisha;TOR;10;6.15;0.56;0;8;0 / 0;1;0;1;0;2021-22
Adrien Silva;SAM;15;0.57;0.56;0;0;0 / 0;0;1;3;1;2021-22
Linetty;TOR;16;5.66;5.59;0;0;0 / 0;0;0;2;0;2021-22
Bereszynski;SAM;35;5.67;5.59;0;0;0 / 0;0;3;12;0;2021-22
Soumaoro;BOL;27;5.85;5.59;0;0;0 / 0;0;0;6;2;2021-22
Kiwior;SPE;22;5.73;5.59;0;0;0 / 0;0;0;6;0;2021-22
Murru;SAM;20;5.52;5.58;1;0;0 / 0;0;0;5;0;2021-22
Mancini;ROM;33;5.82;5.58;0;0;0 / 0;0;0;14;1;2021-22
Gunter;VER;30;5.82;5.58;0;0;0 / 0;0;0;10;0;2021-22
Walukiewicz;CAG;6;5.67;5.58;0;0;0 / 0;0;0;1;0;2021-22
Tessmann;VEN;18;5.67;5.58;0;0;0 / 0;0;0;1;1;2021-22
Gyomber;SAL;30;5.72;5.57;0;0;0 / 0;0;0;9;0;2021-22
Magnani;SAM;15;5.73;5.57;0;0;0 / 0;0;0;3;1;2021-22
Zanoli;NAP;7;5.71;5.57;0;0;0 / 0;0;0;2;0;2021-22
Verre;EMP;17;5.62;5.56;0;0;0 / 0;0;1;2;1;2021-22
Salcedo E.;SPE;8;5.62;5.56;0;0;0 / 0;0;0;1;0;2021-22
Colley E.;SPE;8;5.62;5.56;0;0;0 / 0;0;0;1;0;2021-22
Ebuehi;VEN;18;5.64;5.56;0;0;0 / 0;0;0;1;1;2021-22
Obi;SAL;20;0.56;5.55;0;0;0 / 0;0;1;4;0;2021-22
Hateboer;ATA;21;5.6;5.55;0;0;0 / 0;0;0;2;0;2021-22
Zappa;CAG;20;5.65;5.55;0;0;0 / 0;0;0;2;1;2021-22
Chiriches;SAS;27;5.61;5.54;0;0;0 / 0;0;0;4;0;2021-22
Carboni A.;CAG;28;5.71;5.54;0;0;0 / 0;0;0;6;0;2021-22
Marchizza;EMP;19;5.68;5.53;0;0;0 / 0;0;1;4;0;2021-22
Askildsen;SAM;16;5.81;5.53;0;0;0 / 0;0;0;5;0;2021-22
Galdames;GEN;18;5.58;5.53;0;0;0 / 0;0;0;2;0;2021-22
Kiyine;VEN;26;5.69;5.52;1;0;0 / 1;0;0;7;1;2021-22
Dalbert;CAG;27;5.61;5.52;0;0;0 / 0;0;2;9;0;2021-22
Nikolaou;SPE;36;5.67;5.51;0;0;0 / 0;0;0;7;0;2021-22
Mbaye;BOL;2;0.55;0.55;0;0;0 / 0;0;0;0;0;2021-22
Diawara;ROM;3;0.55;0.55;0;0;0 / 0;0;0;0;0;2021-22
Manolas;NAP;4;5.62;0.55;0;0;0 / 0;0;0;1;0;2021-22
Fiamozzi;EMP;8;5.44;0.55;0;0;0 / 0;0;1;1;0;2021-22
Pinsoglio;JUV;1;0.65;0.55;0;1;0 / 0;0;0;0;0;2021-22
Delli Carri;SAL;5;0.56;0.55;0;0;0 / 0;0;0;1;0;2021-22
Farago';CAG;1;0.55;0.55;0;0;0 / 0;0;0;0;0;2021-22
Ronaldo;JUV;1;0.6;0.55;0;0;0 / 0;0;0;1;0;2021-22
Malcuit;NAP;4;5.62;0.55;0;0;0 / 0;0;1;3;0;2021-22
Semper;GEN;1;0.65;0.55;0;1;0 / 0;0;0;0;0;2021-22
Zeegelaar;UDI;12;5.58;0.55;0;0;0 / 0;0;0;2;0;2021-22
Gabbia;MIL;7;5.71;0.55;0;0;0 / 0;0;0;3;0;2021-22
Calafiori;GEN;4;0.55;0.55;0;0;0 / 0;0;1;3;0;2021-22
Ballo-Toure';MIL;7;5.64;0.55;0;0;0 / 0;0;0;2;0;2021-22
Kamenovic;LAZ;1;0.55;0.55;0;0;0 / 0;0;0;0;0;2021-22
Schnegg;VEN;4;5.62;0.55;0;0;0 / 0;0;0;1;0;2021-22
Svoboda;VEN;18;5.61;0.55;0;0;0 / 0;0;0;2;1;2021-22
Serpe;GEN;1;0.55;0.55;0;0;0 / 0;0;0;0;0;2021-22
Toure' A.;GEN;7;5.57;0.55;0;0;0 / 0;0;0;1;0;2021-22
Ostigard;GEN;15;0.57;0.55;0;0;0 / 0;0;0;2;2;2021-22
Supryaga;SAM;1;0.55;0.55;0;0;0 / 0;0;0;0;0;2021-22
Mousset;SAL;4;0.55;0.55;0;0;0 / 0;0;1;2;0;2021-22
Bonifazi;BOL;17;5.71;5.47;0;0;0 / 0;0;0;2;1;2021-22
Szczesny;JUV;33;6.09;5.45;0;29;0 / 0;3;0;2;0;2021-22
Godin;CAG;11;0.55;5.45;0;0;0 / 0;0;1;3;0;2021-22
Strootman;CAG;9;5.67;5.44;0;0;0 / 0;0;0;4;0;2021-22
Masiello;GEN;7;5.64;5.43;0;0;0 / 0;0;0;3;0;2021-22
Biraschi;GEN;14;5.57;5.43;0;0;0 / 0;0;0;4;0;2021-22
Kechrida;SAL;14;5.36;5.43;0;0;0 / 0;0;1;0;0;2021-22
Cuisance;VEN;13;0.55;5.42;0;0;0 / 0;0;0;2;0;2021-22
Strandberg;SAL;11;5.68;5.41;0;0;0 / 0;0;0;0;1;2021-22
Ruan;SAS;5;0.55;0.54;0;0;0 / 0;0;0;1;0;2021-22
Gagliolo;SAL;14;5.39;5.39;0;0;0 / 0;0;1;2;0;2021-22
Vanheusden;GEN;14;5.64;5.39;0;0;0 / 0;0;0;3;0;2021-22
Mateju;VEN;9;5.44;5.39;0;0;0 / 0;0;1;3;0;2021-22
Hernani;GEN;14;5.39;5.39;0;0;0 / 0;0;0;0;0;2021-22
Behrami;GEN;8;5.56;5.38;0;0;0 / 0;0;0;3;0;2021-22
Handanovic;INT;37;6.19;5.36;0;30;0 / 0;0;0;1;0;2021-22
Sturaro;GEN;25;5.56;5.34;0;0;0 / 0;0;0;11;0;2021-22
Ospina;NAP;31;6.16;5.34;0;25;0 / 0;0;0;1;0;2021-22
Chabot;SAM;9;5.61;5.33;0;0;0 / 0;0;0;5;0;2021-22
Akpa Akpro;LAZ;6;5.42;5.33;0;0;0 / 0;0;0;1;0;2021-22
Bogdan;SAL;6;5.33;5.33;0;0;0 / 0;0;0;0;0;2021-22
Sportiello;ATA;5;0.63;0.53;0;5;0 / 0;0;0;0;0;2021-22
Sabelli;GEN;7;0.55;5.29;0;0;0 / 0;0;0;3;0;2021-22
Perotti;SAL;9;5.61;5.28;0;0;0 / 1;0;0;1;0;2021-22
Di Tacchio;SAL;16;0.55;5.28;0;0;0 / 0;0;0;3;0;2021-22
Bardi;BOL;2;6.25;5.25;0;2;0 / 0;0;0;0;0;2021-22
Nastasic;FIO;4;5.38;5.25;0;0;0 / 0;0;0;1;0;2021-22
Mihaila;ATA;2;5.25;5.25;0;0;0 / 0;0;0;0;0;2021-22
Jaroszynski;SAL;9;5.33;5.22;0;0;0 / 0;0;0;2;0;2021-22
Dragowski;FIO;7;6.07;5.21;0;8;0 / 0;1;0;0;1;2021-22
Tonelli;EMP;13;0.55;5.19;0;0;0 / 0;0;0;4;0;2021-22
Veseli;SAL;8;5.25;5.06;0;0;0 / 0;0;0;1;1;2021-22
Rui Patricio;ROM;38;6.13;5.05;0;43;0 / 0;1;0;2;0;2021-22
Meret;NAP;7;5.86;0.5;0;6;0 / 0;0;0;0;0;2021-22
Favilli;GEN;1;0.5;0.5;0;0;0 / 0;0;0;0;0;2021-22
Rossi F.;ATA;1;0.6;0.5;0;1;0 / 0;0;0;0;0;2021-22
Ravaglia;SAM;1;0.6;0.5;0;1;0 / 0;0;0;0;0;2021-22
Ismajli;EMP;16;5.47;0.5;0;0;0 / 0;0;0;7;0;2021-22
Muriqi;LAZ;4;5.12;0.5;0;0;0 / 0;0;0;1;0;2021-22
Vergani;SAL;1;0.5;0.5;0;0;0 / 0;0;0;0;0;2021-22
Buksa;GEN;1;0.5;0.5;0;0;0 / 0;0;0;0;0;2021-22
Di Mariano;VEN;1;0.5;0.5;0;0;0 / 0;0;0;0;0;2021-22
Kone B.;TOR;1;0.5;0.5;0;0;0 / 0;0;0;0;0;2021-22
Ceide;SAS;1;0.5;0.5;0;0;0 / 0;0;0;0;0;2021-22
Milinkovic-Savic V.;TOR;27;6.04;4.87;0;33;0 / 0;1;0;3;0;2021-22
Falcone;SAM;10;6.35;4.85;0;14;0 / 0;0;0;2;0;2021-22
Skorupski;BOL;36;6.28;4.83;0;53;0 / 0;1;0;4;0;2021-22
Tatarusanu;MIL;6;0.6;4.83;0;10;0 / 0;1;0;0;0;2021-22
Musso;ATA;33;6.11;4.79;0;42;0 / 0;0;0;1;1;2021-22
Strakosha;LAZ;23;6.04;4.74;0;29;0 / 0;0;0;2;0;2021-22
Montipo';VER;34;6.13;4.74;0;50;0 / 0;1;0;1;0;2021-22
Vicario;EMP;38;6.41;4.71;0;70;0 / 0;2;0;1;0;2021-22
Perin;JUV;5;0.61;0.47;0;7;0 / 0;0;0;0;0;2021-22
Terracciano;FIO;32;5.95;4.7;0;43;0 / 0;1;0;0;0;2021-22
Sirigu;GEN;37;6.26;4.69;0;59;0 / 0;1;0;0;0;2021-22
Silvestri;UDI;35;6.11;4.67;0;50;0 / 0;0;0;1;0;2021-22
Sepe;SAL;16;6.16;4.59;0;24;0 / 0;0;0;2;0;2021-22
Consigli;SAS;37;6.24;4.59;0;63;0 / 0;1;0;2;0;2021-22
Audero;SAM;29;6.17;4.59;0;48;0 / 0;1;0;2;0;2021-22
Cragno;CAG;35;6.26;4.59;0;63;0 / 0;2;0;3;0;2021-22
Lezzerini;VEN;6;6.17;0.45;0;9;0 / 0;0;0;2;0;2021-22
Di Carmine;VER;1;0.5;0.45;0;0;0 / 0;0;0;1;0;2021-22
Vignali;SPE;1;0.45;0.45;0;0;0 / 0;0;0;0;0;2021-22
Aya;SAL;2;4.75;0.45;0;0;0 / 0;0;0;1;0;2021-22
Maenpaa;VEN;17;6.06;0.45;0;27;0 / 0;0;1;1;0;2021-22
Provedel;SPE;31;6.24;4.47;0;52;0 / 0;0;0;2;0;2021-22
De Maio;UDI;2;4.25;4.25;0;0;0 / 0;0;0;0;0;2021-22
Belec;SAL;23;6.04;4.02;0;49;0 / 0;1;0;1;0;2021-22
Reina;LAZ;15;5.97;0.4;0;29;0 / 0;0;1;3;0;2021-22
Pandur;VER;3;0.6;0.4;0;6;0 / 0;0;0;0;0;2021-22
Romero S.;VEN;16;0.6;3.88;0;33;0 / 0;0;0;2;0;2021-22
Padelli;UDI;3;6.17;0.35;0;8;0 / 0;0;0;0;0;2021-22
Zoet;SPE;7;5.71;3.43;0;19;0 / 0;1;0;0;0;2021-22
Pegolo;SAS;1;0.6;0.3;0;3;0 / 0;0;0;0;0;2021-22
Berardi A.;VER;1;0.6;0.3;0;3;0 / 0;0;0;0;0;2021-22
Radu I.;INT;1;0.4;0.2;0;2;0 / 0;0;0;0;0;2021-22
Fiorillo;SAL;1;0.55;0.05;0;5;0 / 0;0;0;0;0;2021-22
Mirante;MIL;0;0.0;0.0;0;0;0 / 0;0;0;0;0;2021-22
Sarr M.;BOL;0;0.0;0.0;0;0;0 / 0;0;0;0;0;2021-22
Ujkani;EMP;0;0.0;0.0;0;0;0 / 0;0;0;0;0;2021-22
Murillo;SAM;0;0.0;0.0;0;0;0 / 0;0;0;0;0;2021-22
Cerri;CAG;0;0.0;0.0;0;0;0 / 0;0;0;0;0;2021-22
Llorente;UDI;0;0.0;0.0;0;0;0 / 0;0;0;0;0;2021-22
Marchetti;GEN;0;0.0;0.0;0;0;0 / 0;0;0;0;0;2021-22
La Gumina;SAM;0;0.0;0.0;0;0;0 / 0;0;0;0;0;2021-22
Capradossi;SPE;0;0.0;0.0;0;0;0 / 0;0;0;0;0;2021-22
Nainggolan;INT;0;0.0;0.0;0;0;0 / 0;0;0;0;0;2021-22
Iago Falque;TOR;0;0.0;0.0;0;0;0 / 0;0;0;0;0;2021-22
Brignoli;EMP;0;0.0;0.0;0;0;0 / 0;0;0;0;0;2021-22
Peluso;SAS;0;0.0;0.0;0;0;0 / 0;0;0;0;0;2021-22
Scuffet;UDI;0;0.0;0.0;0;0;0 / 0;0;0;0;0;2021-22
Mantovani;SAL;0;0.0;0.0;0;0;0 / 0;0;0;0;0;2021-22
Edera;TOR;0;0.0;0.0;0;0;0 / 0;0;0;0;0;2021-22
Cordaz;INT;0;0.0;0.0;0;0;0 / 0;0;0;0;0;2021-22
Aresti;CAG;0;0.0;0.0;0;0;0 / 0;0;0;0;0;2021-22
Jankto;SAM;0;0.0;0.0;0;0;0 / 0;0;0;0;0;2021-22
Lirola;FIO;0;0.0;0.0;0;0;0 / 0;0;0;0;0;2021-22
Ragusa;VER;0;0.0;0.0;0;0;0 / 0;0;0;0;0;2021-22
Plizzari;MIL;0;0.0;0.0;0;0;0 / 0;0;0;0;0;2021-22
Satalino;SAS;0;0.0;0.0;0;0;0 / 0;0;0;0;0;2021-22
Lyanco;TOR;0;0.0;0.0;0;0;0 / 0;0;0;0;0;2021-22
Felicioli;VEN;0;0.0;0.0;0;0;0 / 0;0;0;0;0;2021-22
Cassata;GEN;0;0.0;0.0;0;0;0 / 0;0;0;0;0;2021-22
Santurro;UDI;0;0.0;0.0;0;0;0 / 0;0;0;0;0;2021-22
Romagna;SAS;0;0.0;0.0;0;0;0 / 0;0;0;0;0;2021-22
Pezzella Ger.;FIO;0;0.0;0.0;0;0;0 / 0;0;0;0;0;2021-22
Leris;SAM;0;0.0;0.0;0;0;0 / 0;0;0;0;0;2021-22
Lukaku;INT;0;0.0;0.0;0;0;0 / 0;0;0;0;0;2021-22
Ceter;CAG;0;0.0;0.0;0;0;0 / 0;0;0;0;0;2021-22
Calabresi;BOL;0;0.0;0.0;0;0;0 / 0;0;0;0;0;2021-22
Kouame';FIO;0;0.0;0.0;0;0;0 / 0;0;0;0;0;2021-22
Fuzato;ROM;0;0.0;0.0;0;0;0 / 0;0;0;0;0;2021-22
Rosati;FIO;0;0.0;0.0;0;0;0 / 0;0;0;0;0;2021-22
Opoku;UDI;0;0.0;0.0;0;0;0 / 0;0;0;0;0;2021-22
Imperiale;EMP;0;0.0;0.0;0;0;0 / 0;0;0;0;0;2021-22
Contini;NAP;0;0.0;0.0;0;0;0 / 0;0;0;0;0;2021-22
Romero;ATA;0;0.0;0.0;0;0;0 / 0;0;0;0;0;2021-22
Millico;TOR;0;0.0;0.0;0;0;0 / 0;0;0;0;0;2021-22
Armini;LAZ;0;0.0;0.0;0;0;0 / 0;0;0;0;0;2021-22
Jagiello;GEN;0;0.0;0.0;0;0;0 / 0;0;0;0;0;2021-22
Lazaro;INT;0;0.0;0.0;0;0;0 / 0;0;0;0;0;2021-22
Vavro;LAZ;0;0.0;0.0;0;0;0 / 0;0;0;0;0;2021-22
Tripaldelli;CAG;0;0.0;0.0;0;0;0 / 0;0;0;0;0;2021-22
Agoume;INT;0;0.0;0.0;0;0;0 / 0;0;0;0;0;2021-22
Denswil;BOL;0;0.0;0.0;0;0;0 / 0;0;0;0;0;2021-22
Tomiyasu;BOL;0;0.0;0.0;0;0;0 / 0;0;0;0;0;2021-22
Cristo;UDI;0;0.0;0.0;0;0;0 / 0;0;0;0;0;2021-22
Andrenacci;GEN;0;0.0;0.0;0;0;0 / 0;0;0;0;0;2021-22
Fagioli;JUV;0;0.0;0.0;0;0;0 / 0;0;0;0;0;2021-22
Cangiano;BOL;0;0.0;0.0;0;0;0 / 0;0;0;0;0;2021-22
Empereur;VER;0;0.0;0.0;0;0;0 / 0;0;0;0;0;2021-22
Obiang;SAS;0;0.0;0.0;0;0;0 / 0;0;0;0;0;2021-22
Tutino;NAP;0;0.0;0.0;0;0;0 / 0;0;0;0;0;2021-22
Benkovic;UDI;0;0.0;0.0;0;0;0 / 0;0;0;0;0;2021-22
Tuanzebe;NAP;0;0.0;0.0;0;0;0 / 0;0;0;0;0;2021-22
Turati;SAS;0;0.0;0.0;0;0;0 / 0;0;0;0;0;2021-22
Czyborra;GEN;0;0.0;0.0;0;0;0 / 0;0;0;0;0;2021-22
Villar;ROM;0;0.0;0.0;0;0;0 / 0;0;0;0;0;2021-22
Haraslin;SAS;0;0.0;0.0;0;0;0 / 0;0;0;0;0;2021-22
Baldursson;BOL;0;0.0;0.0;0;0;0 / 0;0;0;0;0;2021-22
Ballarini;UDI;0;0.0;0.0;0;0;0 / 0;0;0;0;0;2021-22
Ladinetti;CAG;0;0.0;0.0;0;0;0 / 0;0;0;0;0;2021-22
Manzari;SAS;0;0.0;0.0;0;0;0 / 0;0;0;0;0;2021-22
Gagliano;CAG;0;0.0;0.0;0;0;0 / 0;0;0;0;0;2021-22
Dalle Mura;FIO;0;0.0;0.0;0;0;0 / 0;0;0;0;0;2021-22
Escalante;LAZ;0;0.0;0.0;0;0;0 / 0;0;0;0;0;2021-22
Krapikas;SPE;0;0.0;0.0;0;0;0 / 0;0;0;0;0;2021-22
Ramos;SPE;0;0.0;0.0;0;0;0 / 0;0;0;0;0;2021-22
Segre;TOR;0;0.0;0.0;0;0;0 / 0;0;0;0;0;2021-22
Ruegg;VER;0;0.0;0.0;0;0;0 / 0;0;0;0;0;2021-22
Boer;ROM;0;0.0;0.0;0;0;0 / 0;0;0;0;0;2021-22
Alia;LAZ;0;0.0;0.0;0;0;0 / 0;0;0;0;0;2021-22
Hauge;MIL;0;0.0;0.0;0;0;0 / 0;0;0;0;0;2021-22
Leo' Sena;SPE;0;0.0;0.0;0;0;0 / 0;0;0;0;0;2021-22
Amione;VER;0;0.0;0.0;0;0;0 / 0;0;0;0;0;2021-22
Gasparini;UDI;0;0.0;0.0;0;0;0 / 0;0;0;0;0;2021-22
Rojas;BOL;0;0.0;0.0;0;0;0 / 0;0;0;0;0;2021-22
Oddei;SAS;0;0.0;0.0;0;0;0 / 0;0;0;0;0;2021-22
Reynolds;ROM;0;0.0;0.0;0;0;0 / 0;0;0;0;0;2021-22
Cortinovis;ATA;0;0.0;0.0;0;0;0 / 0;0;0;0;0;2021-22
Furlan;EMP;0;0.0;0.0;0;0;0 / 0;0;0;0;0;2021-22
Damiani;EMP;0;0.0;0.0;0;0;0 / 0;0;0;0;0;2021-22
Moreo;EMP;0;0.0;0.0;0;0;0 / 0;0;0;0;0;2021-22
Ferrarini;FIO;0;0.0;0.0;0;0;0 / 0;0;0;0;0;2021-22
Munteanu;FIO;0;0.0;0.0;0;0;0 / 0;0;0;0;0;2021-22
Sy;SAL;0;0.0;0.0;0;0;0 / 0;0;0;0;0;2021-22
Boultam;SAL;0;0.0;0.0;0;0;0 / 0;0;0;0;0;2021-22
Cavion;SAL;0;0.0;0.0;0;0;0 / 0;0;0;0;0;2021-22
Kristoffersen;SAL;0;0.0;0.0;0;0;0 / 0;0;0;0;0;2021-22
Kaique Rocha;SAM;0;0.0;0.0;0;0;0 / 0;0;0;0;0;2021-22
Kornvig;SPE;0;0.0;0.0;0;0;0 / 0;0;0;0;0;2021-22
Bjarkason;VEN;0;0.0;0.0;0;0;0 / 0;0;0;0;0;2021-22
Pecile;VEN;0;0.0;0.0;0;0;0 / 0;0;0;0;0;2021-22
Taugourdeau;VEN;0;0.0;0.0;0;0;0 / 0;0;0;0;0;2021-22
Bocalon;VEN;0;0.0;0.0;0;0;0 / 0;0;0;0;0;2021-22
Adamonis;LAZ;0;0.0;0.0;0;0;0 / 0;0;0;0;0;2021-22
De Luca;SAM;0;0.0;0.0;0;0;0 / 0;0;0;0;0;2021-22
Bianco;FIO;0;0.0;0.0;0;0;0 / 0;0;0;0;0;2021-22
Yepes;SAM;0;0.0;0.0;0;0;0 / 0;0;0;0;0;2021-22
Marfella;NAP;0;0.0;0.0;0;0;0 / 0;0;0;0;0;2021-22
Bertinato;VEN;0;0.0;0.0;0;0;0 / 0;0;0;0;0;2021-22
Holm;SPE;0;0.0;0.0;0;0;0 / 0;0;0;0;0;2021-22
Molla;BOL;0;0.0;0.0;0;0;0 / 0;0;0;0;0;2021-22
Ihattaren;SAM;0;0.0;0.0;0;0;0 / 0;0;0;0;0;2021-22
Russo;SAL;0;0.0;0.0;0;0;0 / 0;0;0;0;0;2021-22
Piana;UDI;0;0.0;0.0;0;0;0 / 0;0;0;0;0;2021-22
Neri;VEN;0;0.0;0.0;0;0;0 / 0;0;0;0;0;2021-22
De Winter;JUV;0;0.0;0.0;0;0;0 / 0;0;0;0;0;2021-22
Lazetic;MIL;0;0.0;0.0;0;0;0 / 0;0;0;0;0;2021-22
Muriel;ATA;32;6.64;8.89;22;0;2 / 3;0;9;0;0;2020-21
Lukaku;INT;35;0.66;8.86;24;0;6 / 6;0;9;4;0;2020-21
Ronaldo;JUV;33;6.35;8.82;29;0;6 / 8;0;2;3;0;2020-21
Ibrahimovic;MIL;18;6.31;8.31;15;0;3 / 6;0;2;2;1;2020-21
Berardi;SAS;30;6.52;8.28;17;0;7 / 8;0;7;4;0;2020-21
Insigne;NAP;35;6.44;8.13;19;0;7 / 8;0;7;2;1;2020-21
Vlahovic;FIO;36;6.17;7.96;21;0;6 / 6;0;2;1;0;2020-21
Gomez;ATA;10;6.55;7.95;4;0;0 / 0;0;2;0;0;2020-21
Martinez L.;INT;38;6.39;7.8;17;0;2 / 2;0;5;5;0;2020-21
Zapata D.;ATA;37;6.32;7.78;15;0;1 / 1;0;9;0;0;2020-21
Caputo;SAS;24;6.17;7.69;11;0;3 / 3;0;4;1;0;2020-21
Simy;CRO;38;6.07;7.68;20;0;8 / 8;0;2;1;0;2020-21
Mkhitaryan;ROM;34;6.25;7.66;13;0;1 / 1;0;10;2;0;2020-21
Immobile;LAZ;35;6.17;7.64;20;0;4 / 8;0;6;3;1;2020-21
Belotti;TOR;34;6.41;7.59;13;0;4 / 5;0;6;4;0;2020-21
Osimhen;NAP;24;6.25;0.75;10;0;0 / 0;0;2;4;0;2020-21
Nzola;SPE;25;6.16;0.75;11;0;4 / 4;0;3;5;0;2020-21
Zalewski;ROM;1;0.65;0.75;0;0;0 / 0;0;1;0;0;2020-21
Mayoral;ROM;22;0.6;7.48;10;0;0 / 0;0;3;1;0;2020-21
De Paul;UDI;36;0.65;7.43;9;0;3 / 3;0;10;3;2;2020-21
Joao Pedro;CAG;37;6.16;7.41;16;0;4 / 5;0;3;4;0;2020-21
Malinovskyi;ATA;32;6.34;7.39;8;0;1 / 1;0;11;3;0;2020-21
Destro;GEN;24;6.06;7.38;11;0;0 / 0;0;1;5;0;2020-21
Rebic;MIL;27;6.07;7.33;11;0;0 / 0;0;4;4;1;2020-21
Morata;JUV;30;6.08;7.33;11;0;1 / 1;0;7;3;1;2020-21
Chiesa;JUV;30;6.35;7.33;9;0;0 / 0;0;5;3;1;2020-21
Kessie';MIL;37;6.42;7.31;13;0;11 / 13;0;4;8;0;2020-21
Mertens;NAP;28;6.11;7.29;9;0;0 / 0;0;7;2;0;2020-21
Sanchez;INT;26;6.37;7.29;7;0;0 / 1;0;6;0;0;2020-21
Gosens;ATA;32;6.27;7.28;11;0;0 / 0;0;6;7;1;2020-21
Vecino;INT;4;6.25;7.25;1;0;0 / 0;0;1;0;0;2020-21
Caicedo;LAZ;21;6.21;7.24;8;0;1 / 1;0;0;5;0;2020-21
Veretout;ROM;28;6.2;7.23;10;0;5 / 5;0;1;4;0;2020-21
Lozano;NAP;32;6.2;7.23;11;0;0 / 0;0;3;6;0;2020-21
Zielinski;NAP;36;6.33;7.22;8;0;0 / 0;0;9;2;0;2020-21
Verde;SPE;19;6.21;7.21;6;0;0 / 0;0;1;0;0;2020-21
Quagliarella;SAM;32;6.03;7.17;13;0;2 / 3;0;1;1;0;2020-21
Piccoli;SPE;13;0.6;7.15;5;0;0 / 0;0;0;0;0;2020-21
Milinkovic-Savic;LAZ;32;6.2;7.14;8;0;0 / 0;0;7;4;0;2020-21
Hakimi;INT;35;0.64;7.14;7;0;0 / 0;0;8;6;0;2020-21
Ilicic;ATA;28;6.2;7.12;6;0;2 / 2;0;9;2;0;2020-21
D'ambrosio;INT;8;6.06;7.12;3;0;0 / 0;0;0;2;0;2020-21
Ounas;CRO;20;6.32;0.71;4;0;0 / 0;0;4;1;0;2020-21
Pereiro;CAG;6;5.92;7.08;2;0;0 / 0;0;1;0;0;2020-21
Sanabria;TOR;14;0.6;7.07;5;0;0 / 0;0;1;2;0;2020-21
Politano;NAP;36;6.25;7.04;9;0;0 / 0;0;3;3;0;2020-21
Scamacca;GEN;26;6.13;7.04;8;0;2 / 2;0;2;1;0;2020-21
Petagna;NAP;16;6.09;7.03;4;0;0 / 0;0;3;0;0;2020-21
Viola;BEN;17;6.12;7.03;5;0;4 / 4;0;1;1;0;2020-21
Miranchuk;ATA;16;6.19;0.7;4;0;0 / 0;0;1;0;0;2020-21
Eyango;GEN;1;0.6;0.7;0;0;0 / 0;0;1;0;0;2020-21
Oddei;SAS;3;6.33;0.7;0;0;0 / 0;0;2;0;0;2020-21
Braaf;UDI;3;0.6;0.7;1;0;0 / 0;0;0;0;0;2020-21
Soriano;BOL;37;6.2;6.97;9;0;0 / 0;0;4;5;0;2020-21
Keita B.;SAM;22;6.09;6.95;7;0;0 / 0;0;1;4;1;2020-21
Pasalic;ATA;21;6.07;6.95;6;0;0 / 0;0;1;2;0;2020-21
Luis Alberto;LAZ;34;6.22;6.94;9;0;0 / 0;0;0;5;0;2020-21
Dybala;JUV;18;6.08;6.92;4;0;0 / 0;0;3;0;0;2020-21
Messias;CRO;36;6.17;6.92;9;0;0 / 0;0;3;6;0;2020-21
Shomurodov;GEN;30;0.61;6.92;8;0;0 / 0;0;1;1;0;2020-21
Pussetto;UDI;11;6.09;6.91;3;0;0 / 0;0;1;2;0;2020-21
Raspadori;SAS;22;6.11;6.91;6;0;0 / 0;0;0;1;0;2020-21
Torregrossa;SAM;4;6.12;6.88;1;0;0 / 0;0;0;0;0;2020-21
Correa;LAZ;28;5.95;6.86;8;0;1 / 1;0;3;1;1;2020-21
Candreva;SAM;33;6.17;6.82;5;0;2 / 2;0;7;1;0;2020-21
Calhanoglu;MIL;33;6.24;6.82;4;0;1 / 1;0;9;4;0;2020-21
Hernandez T.;MIL;33;6.17;6.82;7;0;0 / 0;0;5;9;0;2020-21
Pellegrini Lo.;ROM;33;6.15;6.79;7;0;1 / 1;0;5;10;0;2020-21
Barrow;BOL;38;6.03;6.79;8;0;0 / 1;0;8;0;0;2020-21
Zappacosta;GEN;25;6.28;6.78;4;0;0 / 0;0;2;3;0;2020-21
Gabbiadini;SAM;15;6.07;6.77;3;0;1 / 1;0;2;1;0;2020-21
Mihaila;PAR;15;6.17;6.77;3;0;0 / 0;0;1;2;0;2020-21
Dzeko;ROM;25;5.96;6.76;7;0;0 / 1;0;3;2;0;2020-21
Orsolini;BOL;31;5.98;6.76;7;0;3 / 3;0;3;0;0;2020-21
Santander;BOL;2;6.25;6.75;0;0;0 / 0;0;1;0;0;2020-21
Pobega;SPE;20;0.6;6.75;6;0;0 / 0;0;0;6;0;2020-21
Pandev;GEN;28;5.96;6.73;7;0;1 / 1;0;3;5;0;2020-21
Man;PAR;11;6.14;6.73;2;0;0 / 0;0;1;1;0;2020-21
Zaccagni;VER;35;6.23;6.71;5;0;1 / 1;0;5;6;0;2020-21
Rafael Leao;MIL;29;5.95;6.71;6;0;0 / 0;0;6;5;0;2020-21
Kucka;PAR;28;6.02;6.7;7;0;4 / 4;0;2;8;0;2020-21
Pinamonti;INT;5;0.61;0.67;1;0;0 / 0;0;0;0;0;2020-21
Pereyra;UDI;34;6.21;6.68;5;0;1 / 1;0;5;8;0;2020-21
Cuadrado;JUV;29;6.34;6.67;2;0;1 / 1;0;9;9;1;2020-21
Diaz B.;MIL;25;6.08;6.64;4;0;0 / 0;0;3;2;0;2020-21
Barak;VER;34;6.03;6.63;7;0;0 / 0;0;3;5;1;2020-21
Skriniar;INT;32;6.36;6.62;3;0;0 / 0;0;0;1;0;2020-21
Galabinov;SPE;8;5.88;6.62;3;0;0 / 1;0;0;0;0;2020-21
Saponara;SPE;9;6.06;6.61;2;0;0 / 0;0;0;0;1;2020-21
Barella;INT;36;6.29;6.61;3;0;0 / 0;0;5;5;0;2020-21
Darmian;INT;23;6.17;6.61;3;0;0 / 0;0;3;5;0;2020-21
Dimarco;VER;35;6.17;0.66;5;0;0 / 0;0;3;6;0;2020-21
Lammers;ATA;10;0.6;0.66;2;0;0 / 0;0;0;0;0;2020-21
Palacio;BOL;32;6.03;6.58;5;0;0 / 0;0;5;5;0;2020-21
Spinazzola;ROM;26;6.27;6.58;2;0;0 / 0;0;4;0;0;2020-21
Paz;BOL;6;6.08;6.58;1;0;0 / 0;0;0;0;0;2020-21
Pavoletti;CAG;22;6.02;6.55;4;0;0 / 0;0;3;8;0;2020-21
Ramsey;JUV;21;6.12;6.55;2;0;0 / 0;0;4;2;0;2020-21
Mckennie;JUV;33;6.11;6.55;5;0;0 / 0;0;2;5;0;2020-21
Freuler;ATA;33;6.3;6.52;2;0;0 / 0;0;3;5;0;2020-21
Sau;BEN;21;5.93;6.52;4;0;1 / 1;0;2;1;1;2020-21
Dermaku;PAR;1;0.65;0.65;0;0;0 / 0;0;0;0;0;2020-21
Capradossi;SPE;1;0.65;0.65;0;0;0 / 0;0;0;0;0;2020-21
Bonazzoli;TOR;16;5.97;0.65;2;0;0 / 0;0;3;2;0;2020-21
Pegolo;SAS;1;0.65;0.65;0;0;0 / 0;0;0;0;0;2020-21
Edera;TOR;1;0.65;0.65;0;0;0 / 0;0;0;0;0;2020-21
Eriksen;INT;23;6.13;0.65;3;0;0 / 0;0;0;1;0;2020-21
Letica;SAM;1;0.65;0.65;0;0;0 / 0;0;0;0;0;2020-21
Locatelli;SAS;34;6.24;6.49;4;0;2 / 2;0;1;9;0;2020-21
Lazovic;VER;31;6.05;6.48;3;0;0 / 0;0;6;3;0;2020-21
Verre;SAM;22;0.6;6.48;3;0;0 / 0;0;3;3;0;2020-21
Gagliardini;INT;23;6.04;6.48;3;0;0 / 0;0;2;2;0;2020-21
Bremer;TOR;33;6.06;6.48;5;0;0 / 0;0;0;2;0;2020-21
Hernani;PAR;31;5.89;6.48;7;0;1 / 1;0;3;11;0;2020-21
Faraoni;VER;34;6.09;6.47;4;0;0 / 0;0;5;8;0;2020-21
Lapadula;BEN;37;5.88;6.47;8;0;0 / 1;0;2;2;0;2020-21
Djuricic;SAS;31;5.97;6.47;5;0;1 / 1;0;3;5;0;2020-21
Traore' Hj.;SAS;32;6.03;6.47;5;0;0 / 0;0;2;6;0;2020-21
Boga;SAS;27;5.98;6.46;4;0;0 / 0;0;1;0;0;2020-21
Letizia;BEN;22;6.05;6.45;3;0;0 / 0;0;1;2;0;2020-21
Favilli;VER;10;0.59;6.45;2;0;0 / 0;0;0;1;0;2020-21
Jankto;SAM;33;5.88;6.44;6;0;0 / 0;0;3;6;0;2020-21
Danilo;JUV;34;6.32;6.44;1;0;0 / 0;0;4;6;0;2020-21
Caprari;BEN;30;5.92;6.43;5;0;0 / 1;0;6;3;1;2020-21
Gyasi;SPE;36;5.99;6.43;4;0;0 / 0;0;6;4;0;2020-21
Zaza;TOR;26;5.81;6.42;6;0;0 / 0;0;0;4;0;2020-21
Nuytinck;UDI;20;0.63;6.42;1;0;0 / 0;0;0;1;0;2020-21
Pedro;ROM;26;5.87;6.42;5;0;0 / 0;0;2;3;1;2020-21
Romero;ATA;31;6.32;6.42;2;0;0 / 0;0;2;10;0;2020-21
Nestorovski;UDI;15;5.93;0.64;2;0;0 / 0;0;1;1;0;2020-21
Kulusevski;JUV;34;6.06;6.4;4;0;0 / 0;0;3;7;0;2020-21
Demme;NAP;21;6.17;6.4;2;0;0 / 0;0;2;6;0;2020-21
Brozovic;INT;33;6.17;6.39;2;0;0 / 0;0;6;7;1;2020-21
Miguel Veloso;VER;19;0.6;6.39;2;0;2 / 2;0;2;1;0;2020-21
Mancini;ROM;33;6.12;6.39;4;0;0 / 0;0;2;10;0;2020-21
Defrel;SAS;28;0.6;6.38;3;0;0 / 0;0;2;1;0;2020-21
Farias;SPE;26;5.94;6.38;4;0;0 / 0;0;2;5;0;2020-21
Deulofeu;UDI;12;6.04;6.38;1;0;0 / 0;0;1;0;0;2020-21
Damsgaard;SAM;30;0.61;6.38;2;0;0 / 0;0;4;3;0;2020-21
Simeone;CAG;31;5.77;6.37;6;0;0 / 0;0;1;1;0;2020-21
Pelle';PAR;11;5.95;6.36;1;0;0 / 0;0;2;1;0;2020-21
Perisic;INT;31;5.95;6.35;4;0;0 / 0;0;2;3;0;2020-21
Tomori;MIL;17;6.18;6.35;1;0;0 / 0;0;0;0;0;2020-21
Ribery;FIO;29;6.07;6.34;2;0;0 / 0;0;6;6;1;2020-21
Lazzari;LAZ;32;6.11;6.33;2;0;0 / 0;0;5;2;1;2020-21
Hateboer;ATA;22;6.07;6.32;2;0;0 / 0;0;1;3;0;2020-21
De Vrij;INT;32;6.25;6.31;1;0;0 / 0;0;0;2;0;2020-21
Svanberg;BOL;32;5.91;6.31;5;0;0 / 0;0;2;6;1;2020-21
Ruiz;NAP;32;6.05;6.31;3;0;0 / 0;0;0;1;0;2020-21
Carles Perez;ROM;16;5.88;6.31;2;0;0 / 0;0;1;0;0;2020-21
Molina N.;UDI;26;5.9;6.31;2;0;0 / 0;0;5;1;0;2020-21
Hauge;MIL;13;5.85;6.31;2;0;0 / 0;0;0;0;0;2020-21
Sansone;BOL;22;5.95;6.3;2;0;0 / 0;0;2;2;0;2020-21
Okaka;UDI;22;5.75;6.3;4;0;0 / 0;0;1;2;0;2020-21
Eysseric;FIO;14;5.93;6.29;2;0;0 / 0;0;0;2;0;2020-21
Badelj;GEN;29;6.19;6.28;1;0;0 / 0;0;3;7;0;2020-21
Bonaventura;FIO;32;6.02;6.28;3;0;0 / 0;0;2;5;0;2020-21
Iago Falque;BEN;9;5.83;6.28;1;0;0 / 0;0;1;0;0;2020-21
Sottil;CAG;20;0.6;6.28;2;0;0 / 0;0;1;3;0;2020-21
Castrovilli;FIO;32;5.88;6.28;5;0;0 / 0;0;3;8;1;2020-21
Skov Olsen;BOL;25;5.92;6.26;2;0;0 / 0;0;3;1;0;2020-21
Elmas;NAP;21;5.98;6.26;2;0;0 / 0;0;1;2;0;2020-21
Ranocchia;INT;8;6.25;6.25;0;0;0 / 0;0;1;2;0;2020-21
Karsdorp;ROM;34;6.01;6.25;1;0;0 / 0;0;6;2;0;2020-21
Pessina;ATA;26;6.02;6.25;2;0;0 / 0;0;1;2;0;2020-21
Terracciano;FIO;4;0.65;6.25;0;4;0 / 0;1;0;0;0;2020-21
Gervinho;PAR;27;5.65;6.24;5;0;0 / 0;0;1;0;0;2020-21
Di Lorenzo;NAP;36;6.06;6.24;3;0;0 / 0;0;3;11;0;2020-21
Yoshida;SAM;29;6.14;6.24;1;0;0 / 0;0;2;5;0;2020-21
Marin;CAG;37;5.95;6.24;3;0;0 / 0;0;5;6;0;2020-21
De Ligt;JUV;26;6.15;6.23;1;0;0 / 0;0;1;4;0;2020-21
Nandez;CAG;32;6.09;6.23;2;0;0 / 0;0;3;7;1;2020-21
Maggiore;SPE;32;5.97;6.23;3;0;0 / 0;0;1;3;0;2020-21
Brunetta;PAR;11;5.91;6.23;1;0;0 / 0;0;2;3;0;2020-21
Young;INT;23;0.6;6.22;1;0;0 / 0;0;4;4;0;2020-21
Rrahmani;NAP;14;6.07;6.21;1;0;0 / 0;0;0;2;0;2020-21
Calabria;MIL;32;6.16;6.2;2;0;0 / 0;0;1;7;0;2020-21
Ansaldi;TOR;27;5.93;6.2;1;0;1 / 1;0;5;1;0;2020-21
Kjaer;MIL;28;6.21;6.2;0;0;0 / 0;0;1;3;0;2020-21
Erlic;SPE;22;5.89;6.2;3;0;0 / 0;0;1;6;0;2020-21
Buffon;JUV;8;6.44;6.19;0;5;0 / 0;1;0;0;0;2020-21
Alex Sandro;JUV;24;6.02;6.19;2;0;0 / 0;0;1;2;0;2020-21
Vignato;BOL;25;5.98;6.18;1;0;0 / 0;0;4;4;0;2020-21
Rabiot;JUV;33;5.89;6.18;4;0;0 / 0;0;1;5;1;2020-21
Ouwejan;UDI;11;0.6;6.18;0;0;0 / 0;0;2;0;0;2020-21
Strootman;GEN;18;6.19;6.17;0;0;0 / 0;0;3;7;0;2020-21
Mandragora;TOR;27;5.89;6.17;3;0;0 / 0;0;1;3;1;2020-21
Pastore;ROM;3;6.17;6.17;0;0;0 / 0;0;0;0;0;2020-21
Leo' Sena;SPE;15;6.17;6.17;0;0;0 / 0;0;0;0;0;2020-21
Bastoni S.;SPE;21;5.9;6.17;1;0;0 / 0;0;6;7;0;2020-21
Pastina;BEN;3;0.6;6.17;0;0;0 / 0;0;1;1;0;2020-21
Salcedo E.;VER;16;5.81;6.16;2;0;0 / 0;0;1;3;0;2020-21
Bakayoko;NAP;27;6.04;6.15;2;0;0 / 0;0;0;4;1;2020-21
Thorsby;SAM;33;0.6;6.15;3;0;0 / 0;0;1;10;0;2020-21
Insigne R.;BEN;30;5.85;6.15;2;0;0 / 0;0;4;2;0;2020-21
Colley;SAM;29;6.03;6.14;2;0;0 / 0;0;0;6;0;2020-21
Bourabia;SAS;11;5.91;6.14;1;0;0 / 0;0;0;2;0;2020-21
Pezzella Giu.;PAR;24;5.98;6.12;1;0;0 / 0;0;4;7;0;2020-21
Tello;BEN;13;5.92;6.12;1;0;0 / 0;0;0;2;0;2020-21
Pjaca;GEN;29;5.74;6.12;3;0;0 / 0;0;2;0;0;2020-21
Vidal;INT;20;6.05;6.12;1;0;0 / 0;0;0;3;0;2020-21
Arthur;JUV;20;6.05;6.12;1;0;0 / 0;0;0;3;0;2020-21
Saelemaekers;MIL;32;5.92;6.12;2;0;0 / 0;0;4;5;1;2020-21
Ilic;VER;28;5.95;6.12;2;0;0 / 0;0;0;2;0;2020-21
Arslan;UDI;29;5.97;6.12;3;0;0 / 0;0;0;9;0;2020-21
Tomiyasu;BOL;31;6.05;6.11;2;0;0 / 0;0;0;4;0;2020-21
Izzo;TOR;25;5.92;0.61;2;0;0 / 0;0;0;3;0;2020-21
Karamoh;PAR;21;5.79;6.1;2;0;0 / 0;0;1;3;0;2020-21
Krunic;MIL;17;5.85;6.09;1;0;0 / 0;0;2;3;0;2020-21
Nainggolan;CAG;23;6.07;6.09;1;0;0 / 0;0;0;5;0;2020-21
Dalot;MIL;17;5.97;6.09;1;0;0 / 0;0;1;4;0;2020-21
Demiral;JUV;11;6.05;6.09;0;0;0 / 0;0;1;1;0;2020-21
Ismajli;SPE;16;5.94;6.09;1;0;0 / 0;0;1;1;1;2020-21
Lykogiannis;CAG;30;5.78;6.08;4;0;0 / 0;0;2;6;2;2020-21
Kurtic;PAR;34;5.79;6.07;4;0;0 / 0;0;0;5;0;2020-21
Lopez M.;SAS;28;5.98;6.07;2;0;0 / 0;0;0;7;0;2020-21
De Roon;ATA;35;6.07;6.06;1;0;0 / 0;0;1;7;1;2020-21
Ghoulam;NAP;8;6.12;6.06;0;0;0 / 0;0;0;1;0;2020-21
Gunter;VER;25;6.06;6.06;0;0;0 / 0;0;2;4;0;2020-21
Tameze;VER;32;6.06;6.06;1;0;0 / 0;0;0;6;0;2020-21
Forestieri;UDI;17;5.85;6.06;1;0;0 / 0;0;1;1;0;2020-21
Cerri;CAG;11;5.77;6.05;1;0;0 / 0;0;0;1;0;2020-21
Poli;BOL;10;0.6;6.05;1;0;0 / 0;0;0;1;0;2020-21
Palomino;ATA;31;5.97;6.05;1;0;0 / 0;0;1;3;0;2020-21
Stryger Larsen;UDI;32;5.86;6.05;2;0;0 / 0;0;0;0;0;2020-21
Reca;CRO;30;0.59;6.05;2;0;0 / 0;0;2;7;0;2020-21
Criscito;GEN;22;6.05;6.05;1;0;1 / 1;0;0;6;0;2020-21
Kalulu;MIL;10;0.58;6.05;1;0;0 / 0;0;0;1;0;2020-21
Vojvoda;TOR;19;5.74;6.05;2;0;0 / 0;0;2;4;0;2020-21
Gojak;TOR;11;5.73;6.05;1;0;0 / 0;0;1;1;0;2020-21
Maehle;ATA;19;5.95;6.05;0;0;0 / 0;0;2;0;0;2020-21
Bonucci;JUV;25;5.86;6.04;2;0;0 / 0;0;0;3;0;2020-21
Rugani;CAG;12;5.79;6.04;1;0;0 / 0;0;1;2;0;2020-21
Singo;TOR;27;5.93;6.04;1;0;0 / 0;0;2;2;1;2020-21
Ferrari G.;SAS;34;6.07;6.03;0;0;0 / 0;0;2;7;0;2020-21
Zajc;GEN;31;5.9;6.03;1;0;0 / 0;0;3;4;0;2020-21
Samir;UDI;28;6.02;6.02;1;0;0 / 0;0;0;6;0;2020-21
Ekdal;SAM;30;5.93;6.02;2;0;0 / 0;0;1;9;0;2020-21
Marusic;LAZ;36;5.86;6.01;2;0;0 / 0;0;3;3;0;2020-21
Mattiello;SPE;1;0.6;0.6;0;0;0 / 0;0;0;0;0;2020-21
Bessa;VER;13;5.88;0.6;0;0;0 / 0;0;2;1;0;2020-21
Medel;BOL;10;5.95;0.6;0;0;0 / 0;0;1;1;0;2020-21
De Sciglio;JUV;1;0.6;0.6;0;0;0 / 0;0;0;0;0;2020-21
Romagnoli;MIL;22;5.98;0.6;1;0;0 / 0;0;1;7;0;2020-21
Djimsiti;ATA;33;6.06;0.6;0;0;0 / 0;0;2;8;0;2020-21
El Shaarawy;ROM;9;5.72;0.6;1;0;0 / 0;0;0;1;0;2020-21
Festa;CRO;1;0.7;0.6;0;1;0 / 0;0;0;0;0;2020-21
Parigini;GEN;1;0.6;0.6;0;0;0 / 0;0;0;0;0;2020-21
Bastos;LAZ;2;0.6;0.6;0;0;0 / 0;0;0;0;0;2020-21
Olivera M.;FIO;1;0.6;0.6;0;0;0 / 0;0;0;0;0;2020-21
Coulibaly M.;UDI;2;0.6;0.6;0;0;0 / 0;0;0;0;0;2020-21
Milenkovic;FIO;34;5.87;0.6;3;0;0 / 0;0;0;7;1;2020-21
Douglas Costa;JUV;1;0.6;0.6;0;0;0 / 0;0;0;0;0;2020-21
Crociata;CRO;1;0.6;0.6;0;0;0 / 0;0;0;0;0;2020-21
Godin;CAG;28;5.95;0.6;1;0;0 / 0;0;0;3;0;2020-21
Calabresi;CAG;1;0.6;0.6;0;0;0 / 0;0;0;0;0;2020-21
Meite';MIL;26;5.87;0.6;1;0;0 / 0;0;1;2;0;2020-21
Micin;UDI;1;0.6;0.6;0;0;0 / 0;0;0;0;0;2020-21
Schiappacasse;SAS;1;0.6;0.6;0;0;0 / 0;0;0;0;0;2020-21
Millico;TOR;1;0.6;0.6;0;0;0 / 0;0;0;0;0;2020-21
Juwara;BOL;1;0.6;0.6;0;0;0 / 0;0;0;1;0;2020-21
Agoume;SPE;10;0.61;0.6;0;0;0 / 0;0;0;2;0;2020-21
Colley E.;VER;20;5.88;0.6;1;0;0 / 0;0;0;1;0;2020-21
Rovella;GEN;18;0.6;0.6;0;0;0 / 0;0;2;4;0;2020-21
Fagioli;JUV;1;0.6;0.6;0;0;0 / 0;0;0;0;0;2020-21
Berardi A.;VER;1;0.6;0.6;0;0;0 / 0;0;0;0;0;2020-21
Duarte;MIL;1;0.6;0.6;0;0;0 / 0;0;0;0;0;2020-21
Gomelt;CRO;1;0.6;0.6;0;0;0 / 0;0;0;0;0;2020-21
Vulic;CRO;23;5.87;0.6;1;0;0 / 0;0;1;2;0;2020-21
Crespi;CRO;1;0.6;0.6;0;0;0 / 0;0;0;0;0;2020-21
Zagaritis;PAR;2;0.6;0.6;0;0;0 / 0;0;0;0;0;2020-21
Gaich;BEN;14;5.57;0.6;2;0;0 / 0;0;0;1;0;2020-21
Camara D.;PAR;1;0.6;0.6;0;0;0 / 0;0;0;0;0;2020-21
Brugman;PAR;24;5.96;5.98;1;0;0 / 0;0;1;7;0;2020-21
Biraghi;FIO;35;5.86;5.97;1;0;0 / 0;0;5;8;0;2020-21
Pulgar;FIO;29;5.9;5.97;1;0;0 / 0;0;3;8;0;2020-21
Kalinic;VER;17;5.68;5.97;2;0;0 / 0;0;0;2;0;2020-21
Lukic;TOR;32;5.75;5.97;3;0;0 / 0;0;0;4;0;2020-21
Bastoni;INT;33;0.6;5.97;0;0;0 / 0;0;2;6;0;2020-21
Pereira A.;LAZ;18;5.89;5.97;1;0;0 / 0;0;2;5;1;2020-21
Augello;SAM;37;5.86;5.97;1;0;0 / 0;0;3;2;1;2020-21
Adrien Silva;SAM;24;5.96;5.96;1;0;0 / 0;0;1;6;1;2020-21
Riviere;CRO;14;5.75;5.96;1;0;0 / 0;0;1;2;0;2020-21
Hysaj;NAP;22;5.95;5.95;0;0;0 / 0;0;1;2;0;2020-21
Molina S.;CRO;29;5.86;5.95;1;0;0 / 0;0;2;1;0;2020-21
Soumaoro;BOL;20;0.59;5.95;1;0;0 / 0;0;0;4;0;2020-21
Caldirola;BEN;22;5.8;5.95;2;0;0 / 0;0;0;3;1;2020-21
Ricci M.;SPE;28;0.6;5.95;0;0;0 / 0;0;1;5;0;2020-21
Martinez Quarta;FIO;19;5.95;5.95;1;0;0 / 0;0;0;4;1;2020-21
Lasagna;VER;34;5.6;5.94;4;0;0 / 0;0;0;1;0;2020-21
Caceres;FIO;26;5.71;5.94;2;0;0 / 0;0;2;4;0;2020-21
Verdi;TOR;31;5.77;5.94;1;0;0 / 0;0;5;6;0;2020-21
Melegoni;GEN;9;0.6;5.94;0;0;0 / 0;0;0;1;0;2020-21
Agudelo;SPE;27;5.83;5.94;1;0;0 / 0;0;2;4;0;2020-21
Sohm;PAR;16;5.75;5.94;1;0;0 / 0;0;0;1;0;2020-21
Asamoah;CAG;7;5.93;5.93;0;0;0 / 0;0;0;0;0;2020-21
Smalling;ROM;15;5.97;5.93;0;0;0 / 0;0;1;3;0;2020-21
Di Serio;BEN;7;5.93;5.93;0;0;0 / 0;0;0;1;0;2020-21
Mario Rui;NAP;24;5.94;5.92;0;0;0 / 0;0;1;4;0;2020-21
Oliva;CAG;6;5.92;5.92;0;0;0 / 0;0;1;2;0;2020-21
Zappa;CAG;31;5.84;5.92;0;0;0 / 0;0;4;3;0;2020-21
Dominguez;BOL;26;5.96;5.92;1;0;0 / 0;0;0;8;0;2020-21
Bartolomei;SPE;6;5.83;5.92;0;0;0 / 0;0;1;1;0;2020-21
Callejon;FIO;16;5.84;5.91;0;0;0 / 0;0;1;0;0;2020-21
Acerbi;LAZ;32;6.02;5.91;0;0;0 / 0;0;1;7;1;2020-21
Ferrer;SPE;17;5.97;5.91;0;0;0 / 0;0;1;4;0;2020-21
Hetemaj;BEN;29;5.91;5.9;0;0;0 / 0;0;2;5;0;2020-21
Radu;LAZ;31;5.84;5.9;0;0;0 / 0;0;3;2;0;2020-21
Koulibaly;NAP;26;6.1;5.9;0;0;0 / 0;0;0;8;1;2020-21
Fazio;ROM;5;0.55;0.59;1;0;0 / 0;0;0;2;0;2020-21
Zanellato;CRO;25;5.78;0.59;1;0;0 / 0;0;1;3;0;2020-21
Schouten;BOL;34;5.93;5.9;1;0;0 / 0;0;1;8;1;2020-21
Kyriakopoulos;SAS;21;5.83;5.9;1;0;0 / 0;0;0;1;1;2020-21
Udogie;VER;5;0.6;0.59;0;0;0 / 0;0;0;1;0;2020-21
Rog;CAG;14;5.96;5.89;0;0;0 / 0;0;0;2;0;2020-21
Rogerio;SAS;27;5.96;5.89;0;0;0 / 0;0;0;4;0;2020-21
Lovato;VER;23;0.6;5.89;0;0;0 / 0;0;0;5;0;2020-21
Estevez;SPE;27;5.91;5.89;0;0;0 / 0;0;3;7;0;2020-21
Siligardi;CRO;4;5.88;5.88;0;0;0 / 0;0;0;0;0;2020-21
Bentancur;JUV;32;5.91;5.88;0;0;0 / 0;0;3;6;1;2020-21
Castillejo;MIL;24;5.83;5.88;1;0;0 / 0;0;0;5;0;2020-21
Villar;ROM;28;5.96;5.88;0;0;0 / 0;0;1;7;0;2020-21
Toloi;ATA;31;5.84;5.87;2;0;0 / 0;0;0;10;0;2020-21
Bereszynski;SAM;31;5.81;5.87;1;0;0 / 0;0;0;2;0;2020-21
Ramirez;SAM;23;5.85;5.87;0;0;0 / 0;0;3;5;0;2020-21
Obiang;SAS;26;5.94;5.87;0;0;0 / 0;0;1;4;1;2020-21
Mbaye;BOL;7;5.57;5.86;1;0;0 / 0;0;0;2;0;2020-21
Manolas;NAP;29;5.95;5.86;0;0;0 / 0;0;0;5;0;2020-21
Bonifazi;UDI;28;5.93;5.86;0;0;0 / 0;0;0;4;0;2020-21
Ferrari A.;SAM;10;0.6;5.85;0;0;0 / 0;0;0;3;0;2020-21
Kouame';FIO;24;5.73;5.85;1;0;0 / 0;0;1;4;0;2020-21
Rodrigo Becao;UDI;33;5.83;5.85;1;0;0 / 0;0;0;5;0;2020-21
Czyborra;GEN;17;5.74;5.85;1;0;0 / 0;0;0;2;0;2020-21
De Silvestri;BOL;28;5.7;5.84;2;0;0 / 0;0;0;4;0;2020-21
Cristante;ROM;31;5.89;5.84;1;0;0 / 0;0;1;8;0;2020-21
Sensi;INT;16;5.94;5.84;0;0;0 / 0;0;0;1;1;2020-21
Gagliolo;PAR;26;5.71;5.83;2;0;0 / 0;0;0;6;0;2020-21
Ghiglione;GEN;23;5.74;5.83;0;0;0 / 0;0;4;4;0;2020-21
Chiriches;SAS;23;5.74;5.83;2;0;0 / 0;0;1;6;0;2020-21
Mora;SPE;3;5.83;5.83;0;0;0 / 0;0;0;0;0;2020-21
Walace;UDI;29;5.9;5.83;0;0;0 / 0;0;0;4;0;2020-21
Bennacer;MIL;21;5.88;5.83;0;0;0 / 0;0;1;4;0;2020-21
Ibanez;ROM;30;5.98;5.83;0;0;0 / 0;0;1;5;1;2020-21
Muldur;SAS;27;5.83;5.83;0;0;0 / 0;0;1;2;0;2020-21
Askildsen;SAM;3;0.6;5.83;0;0;0 / 0;0;0;2;0;2020-21
Ruegg;VER;6;5.83;5.83;0;0;0 / 0;0;0;0;0;2020-21
De Maio;UDI;11;5.82;5.82;0;0;0 / 0;0;0;1;0;2020-21
Benali;CRO;17;5.82;5.82;0;0;0 / 0;0;1;2;0;2020-21
Duncan;CAG;17;5.79;5.82;0;0;0 / 0;0;1;2;0;2020-21
Kumbulla;ROM;19;5.84;5.82;1;0;0 / 0;0;0;7;0;2020-21
Chiellini;JUV;16;0.6;5.81;0;0;0 / 0;0;1;4;0;2020-21
Tonelli;SAM;22;5.91;5.8;1;0;0 / 0;0;0;11;0;2020-21
Baselli;TOR;10;0.59;0.58;0;0;0 / 0;0;0;2;0;2020-21
Leris;SAM;10;5.85;0.58;0;0;0 / 0;0;0;1;0;2020-21
Akpa Akpro;LAZ;25;5.94;0.58;0;0;0 / 0;0;1;9;0;2020-21
Bernardeschi;JUV;21;5.76;5.79;0;0;0 / 0;0;2;3;0;2020-21
Rincon;TOR;36;5.82;5.79;1;0;0 / 0;0;1;8;1;2020-21
Bruno Peres;ROM;26;5.71;5.79;1;0;0 / 0;0;2;6;0;2020-21
Toljan;SAS;24;5.75;5.79;0;0;0 / 0;0;2;2;0;2020-21
Carboni A.;CAG;14;5.79;5.79;0;0;0 / 0;0;1;2;0;2020-21
Glik;BEN;36;5.76;5.78;2;0;0 / 0;0;1;7;1;2020-21
Moncini;BEN;9;5.78;5.78;0;0;0 / 0;0;0;0;0;2020-21
Lerager;GEN;16;5.72;5.78;0;0;0 / 0;0;1;0;0;2020-21
Llorente;UDI;15;5.63;5.77;1;0;0 / 0;0;0;2;0;2020-21
Parolo;LAZ;13;5.77;5.77;0;0;0 / 0;0;2;5;0;2020-21
Murru;TOR;11;5.77;5.77;0;0;0 / 0;0;0;0;0;2020-21
Lirola;FIO;11;5.82;5.77;0;0;0 / 0;0;1;3;0;2020-21
Schiattarella;BEN;28;5.91;5.77;1;0;0 / 0;0;1;14;1;2020-21
Pezzella Ger.;FIO;32;5.75;5.77;1;0;0 / 0;0;0;5;0;2020-21
Ayhan;SAS;15;5.83;5.77;0;0;0 / 0;0;0;2;0;2020-21
Makengo;UDI;13;5.81;5.77;0;0;0 / 0;0;0;1;0;2020-21
Magnani;VER;23;6.02;5.76;0;0;0 / 0;0;0;8;0;2020-21
Diawara;ROM;10;5.65;5.75;1;0;0 / 0;0;0;2;1;2020-21
Radovanovic;GEN;30;5.83;5.75;0;0;0 / 0;0;0;6;0;2020-21
Juan Jesus;ROM;4;5.75;5.75;0;0;0 / 0;0;0;0;0;2020-21
Dezi;PAR;2;5.75;5.75;0;0;0 / 0;0;0;0;0;2020-21
Ionita;BEN;36;5.67;5.75;2;0;0 / 0;0;0;6;0;2020-21
Pereira P.;CRO;34;5.72;5.75;0;0;0 / 0;0;4;6;0;2020-21
Caldara;ATA;4;5.88;5.75;0;0;0 / 0;0;0;1;0;2020-21
Musacchio;LAZ;4;5.88;5.75;0;0;0 / 0;0;0;2;0;2020-21
Berenguer;TOR;2;5.75;5.75;0;0;0 / 0;0;0;0;0;2020-21
Marchizza;SPE;22;5.75;5.75;0;0;0 / 0;0;2;4;0;2020-21
N'koulou;TOR;18;5.72;5.75;1;0;0 / 0;0;0;5;0;2020-21
Vieira;VER;4;5.88;5.75;0;0;0 / 0;0;0;1;0;2020-21
Malcuit;FIO;6;5.75;5.75;0;0;0 / 0;0;0;0;0;2020-21
Lobotka;NAP;6;5.92;5.75;0;0;0 / 0;0;0;2;0;2020-21
Portanova;GEN;4;5.88;5.75;0;0;0 / 0;0;0;1;0;2020-21
Empereur;VER;4;5.88;5.75;0;0;0 / 0;0;0;1;0;2020-21
Sutalo;ATA;4;5.75;5.75;0;0;0 / 0;0;0;0;0;2020-21
Frabotta;JUV;10;0.58;5.75;0;0;0 / 0;0;1;5;0;2020-21
Tuia;BEN;26;5.75;5.75;1;0;0 / 0;0;0;6;0;2020-21
Segre;TOR;4;5.88;5.75;0;0;0 / 0;0;0;1;0;2020-21
Tramoni M.;CAG;2;5.75;5.75;0;0;0 / 0;0;0;1;0;2020-21
Ricci G.;PAR;2;5.75;5.75;0;0;0 / 0;0;0;0;0;2020-21
Darboe;ROM;4;0.6;5.75;0;0;0 / 0;0;0;2;0;2020-21
Goldaniga;GEN;25;5.86;5.74;0;0;0 / 0;0;1;8;0;2020-21
Cornelius;PAR;29;5.57;5.74;1;0;0 / 0;0;4;4;0;2020-21
Dawidowicz;VER;27;5.89;5.74;0;0;0 / 0;0;0;9;0;2020-21
Sturaro;VER;15;5.73;5.73;1;0;0 / 0;0;0;6;0;2020-21
Biraschi;GEN;13;5.81;5.73;0;0;0 / 0;0;0;2;0;2020-21
Behrami;GEN;22;5.8;5.73;0;0;0 / 0;0;0;1;1;2020-21
Chabot;SPE;22;5.8;5.73;1;0;0 / 0;0;1;9;1;2020-21
Bruno Alves;PAR;18;5.64;5.72;1;0;0 / 0;0;0;3;0;2020-21
Muriqi;LAZ;20;0.56;5.72;1;0;0 / 0;0;0;1;0;2020-21
Mandzukic;MIL;7;5.71;5.71;0;0;0 / 0;0;0;1;0;2020-21
Terzi;SPE;24;5.73;5.71;1;0;0 / 0;0;1;7;1;2020-21
Cutrone;FIO;7;5.71;5.71;0;0;0 / 0;0;0;0;0;2020-21
Gabbia;MIL;7;5.86;5.71;0;0;0 / 0;0;0;2;0;2020-21
Escalante;LAZ;19;5.84;5.71;0;0;0 / 0;0;0;5;0;2020-21
Eduardo Henrique;CRO;17;5.65;5.71;1;0;0 / 0;0;0;4;0;2020-21
Ceccherini;VER;28;5.95;5.7;0;0;0 / 0;0;0;10;0;2020-21
Acampora;SPE;10;0.58;0.57;0;0;0 / 0;0;0;2;0;2020-21
Lulic;LAZ;16;5.72;5.69;0;0;0 / 0;0;0;1;0;2020-21
Zeegelaar;UDI;24;5.69;5.69;1;0;0 / 0;0;0;6;0;2020-21
Ceppitelli;CAG;19;5.76;5.68;0;0;0 / 0;0;0;3;0;2020-21
Deiola;CAG;19;5.76;5.68;0;0;0 / 0;0;0;3;0;2020-21
Djidji;CRO;19;5.63;5.68;1;0;0 / 0;0;0;4;0;2020-21
Osorio;PAR;22;5.73;5.68;0;0;0 / 0;0;0;2;0;2020-21
Masiello;GEN;30;5.77;5.67;0;0;0 / 0;0;0;6;0;2020-21
Borja Valero;FIO;12;5.79;5.67;0;0;0 / 0;0;0;3;0;2020-21
Dabo;BEN;18;5.78;5.67;0;0;0 / 0;0;0;5;0;2020-21
Scozzarella;PAR;3;5.83;5.67;0;0;0 / 0;0;0;1;0;2020-21
Tonali;MIL;24;5.73;5.67;0;0;0 / 0;0;0;1;1;2020-21
Cetin;VER;6;5.75;5.67;0;0;0 / 0;0;0;1;0;2020-21
Amrabat;FIO;29;5.79;5.67;0;0;0 / 0;0;0;7;0;2020-21
Balogh;PAR;3;5.83;5.67;0;0;0 / 0;0;0;1;0;2020-21
Walukiewicz;CAG;19;5.63;5.66;0;0;0 / 0;0;1;1;0;2020-21
Fares;LAZ;20;0.57;5.65;0;0;0 / 0;0;1;5;0;2020-21
Linetty;TOR;24;5.62;5.65;1;0;0 / 0;0;0;5;0;2020-21
Cyprien;PAR;10;5.75;5.65;0;0;0 / 0;0;0;2;0;2020-21
Cataldi;LAZ;14;5.79;5.64;0;0;0 / 0;0;0;4;0;2020-21
La Gumina;SAM;7;5.64;5.64;0;0;0 / 0;0;0;0;0;2020-21
Luiz Felipe;LAZ;14;5.82;5.64;0;0;0 / 0;0;0;5;0;2020-21
Klavan;CAG;11;5.68;5.64;0;0;0 / 0;0;0;1;0;2020-21
Dierckx;PAR;7;5.71;5.64;0;0;0 / 0;0;0;1;0;2020-21
Improta;BEN;34;5.71;5.63;1;0;0 / 0;0;0;7;0;2020-21
Inglese;PAR;13;5.54;5.62;0;0;0 / 0;0;2;2;0;2020-21
Dijks;BOL;20;0.58;5.62;0;0;0 / 0;0;0;5;1;2020-21
Ramos;SPE;4;5.75;5.62;0;0;0 / 0;0;0;1;0;2020-21
Kokorin;FIO;4;5.75;5.62;0;0;0 / 0;0;0;1;0;2020-21
Cigarini;CRO;14;5.79;5.61;0;0;0 / 0;0;0;3;1;2020-21
Valenti;PAR;9;5.61;5.61;0;0;0 / 0;0;0;0;0;2020-21
Santon;ROM;10;5.75;0.56;0;0;0 / 0;0;0;3;0;2020-21
Danilo Lar.;BOL;35;5.69;0.56;0;0;0 / 0;0;1;8;0;2020-21
Cassata;GEN;5;0.58;0.56;0;0;0 / 0;0;0;2;0;2020-21
Marlon;SAS;21;5.71;5.6;0;0;0 / 0;0;0;4;1;2020-21
Caligara;CAG;5;0.57;0.56;0;0;0 / 0;0;0;2;0;2020-21
Haraslin;SAS;10;5.75;0.56;0;0;0 / 0;0;0;1;1;2020-21
Ruggeri;ATA;5;0.56;0.56;0;0;0 / 0;0;0;0;0;2020-21
Lucas Leiva;LAZ;32;5.75;5.59;0;0;0 / 0;0;0;10;0;2020-21
Zapata C.;GEN;12;5.67;5.58;0;0;0 / 0;0;0;2;0;2020-21
Dell'orco;SPE;6;5.58;5.58;0;0;0 / 0;0;0;0;0;2020-21
Bani;PAR;26;5.77;5.58;0;0;0 / 0;0;0;10;0;2020-21
Buongiorno;TOR;12;5.75;5.58;0;0;0 / 0;0;0;4;0;2020-21
Igor;FIO;18;5.72;5.58;0;0;0 / 0;0;0;5;0;2020-21
Patric;LAZ;23;5.7;5.57;0;0;0 / 0;0;1;8;0;2020-21
Magnanelli;SAS;7;5.71;5.57;0;0;0 / 0;0;0;2;0;2020-21
Venuti;FIO;25;5.64;5.56;0;0;0 / 0;0;1;3;0;2020-21
Barba;BEN;32;5.67;5.55;0;0;0 / 0;0;2;8;0;2020-21
Hickey;BOL;11;5.77;5.55;0;0;0 / 0;0;0;3;1;2020-21
Golemic;CRO;28;5.43;5.54;2;0;1 / 1;0;0;4;1;2020-21
Rispoli;CRO;15;5.67;5.53;0;0;0 / 0;0;0;4;0;2020-21
Jajalo;UDI;1;0.55;0.55;0;0;0 / 0;0;0;0;0;2020-21
Rafael;SPE;3;6.83;0.55;0;5;0 / 0;0;1;0;0;2020-21
Radu I.;INT;2;0.6;0.55;0;1;0 / 0;0;0;0;0;2020-21
Barreca;FIO;2;0.55;0.55;0;0;0 / 0;0;0;0;0;2020-21
Farago';BOL;7;5.64;0.55;0;0;0 / 0;0;0;2;0;2020-21
Pellegrini Lu.;GEN;11;5.68;0.55;0;0;0 / 0;0;1;2;0;2020-21
Sprocati;PAR;1;0.55;0.55;0;0;0 / 0;0;0;0;0;2020-21
Ter Avest;UDI;5;0.55;0.55;0;0;0 / 0;0;0;0;0;2020-21
Vavro;LAZ;1;0.55;0.55;0;0;0 / 0;0;0;0;0;2020-21
Diallo Am.;ATA;1;0.6;0.55;0;0;0 / 0;0;0;1;0;2020-21
Colombo;MIL;2;0.55;0.55;0;0;0 / 0;0;0;0;0;2020-21
Foulon;BEN;20;0.57;0.55;0;0;0 / 0;0;0;4;0;2020-21
Mastinu;SPE;1;0.55;0.55;0;0;0 / 0;0;0;0;0;2020-21
Magallan;CRO;28;5.54;0.55;1;0;0 / 0;0;1;10;0;2020-21
Kargbo;CRO;1;0.55;0.55;0;0;0 / 0;0;0;0;0;2020-21
Zirkzee;PAR;3;0.55;0.55;0;0;0 / 0;0;0;0;0;2020-21
Rojas;CRO;2;0.55;0.55;0;0;0 / 0;0;0;1;0;2020-21
Antov;BOL;4;5.62;0.55;0;0;0 / 0;0;0;1;0;2020-21
Grassi;PAR;20;5.65;5.48;0;0;0 / 0;0;0;3;0;2020-21
Vignali;SPE;21;5.62;5.48;0;0;0 / 0;0;0;4;1;2020-21
Petriccione;CRO;16;5.69;5.47;0;0;0 / 0;0;0;5;1;2020-21
Rodriguez R.;TOR;16;0.55;5.47;0;0;0 / 0;0;0;1;0;2020-21
Laurini;PAR;12;0.55;5.46;0;0;0 / 0;0;0;1;0;2020-21
Cuomo;CRO;12;5.62;5.46;0;0;0 / 0;0;0;4;0;2020-21
Lyanco;TOR;23;5.63;5.46;0;0;0 / 0;0;0;8;0;2020-21
Busi;PAR;19;5.47;5.45;0;0;0 / 0;0;1;3;0;2020-21
Di Carmine;CRO;18;0.55;5.44;0;0;0 / 0;0;0;2;0;2020-21
Hoedt;LAZ;12;5.67;5.42;0;0;0 / 0;0;0;6;0;2020-21
Ospina;NAP;16;6.16;5.41;0;12;0 / 0;0;1;2;0;2020-21
Reynolds;ROM;5;0.54;0.54;0;0;0 / 0;0;0;0;0;2020-21
Pisacane;CAG;4;0.55;5.38;0;0;0 / 0;0;0;1;0;2020-21
Kolarov;INT;4;5.12;5.38;0;0;0 / 0;0;1;0;0;2020-21
Szczesny;JUV;30;0.62;5.37;0;32;0 / 0;2;1;0;0;2020-21
Conti;PAR;9;0.55;5.33;0;0;0 / 0;0;0;3;0;2020-21
Peluso;SAS;3;0.55;5.33;0;0;0 / 0;0;0;1;0;2020-21
Tripaldelli;CAG;6;5.42;5.33;0;0;0 / 0;0;0;1;0;2020-21
Luperto;CRO;22;5.41;5.3;0;0;0 / 0;0;0;3;1;2020-21
Dragus;CRO;5;0.53;0.53;0;0;0 / 0;0;0;1;0;2020-21
Mojica;ATA;5;0.54;0.53;0;0;0 / 0;0;0;1;0;2020-21
Maksimovic;NAP;15;5.43;5.27;0;0;0 / 0;0;0;1;0;2020-21
Gollini;ATA;25;0.61;5.26;0;26;0 / 0;2;0;0;1;2020-21
Danzi;VER;2;0.55;5.25;0;0;0 / 0;0;0;1;0;2020-21
Anderson D.;LAZ;2;5.25;5.25;0;0;0 / 0;0;0;0;0;2020-21
Denswil;BOL;2;5.25;5.25;0;0;0 / 0;0;0;0;0;2020-21
Calafiori;ROM;2;5.75;5.25;0;0;0 / 0;0;0;2;0;2020-21
Donnarumma G.;MIL;37;6.2;5.24;0;38;0 / 0;1;0;1;0;2020-21
Depaoli;BEN;21;5.38;5.24;0;0;0 / 0;0;0;2;0;2020-21
Handanovic;INT;37;6.01;5.22;0;33;0 / 0;2;0;1;0;2020-21
Sala;SPE;6;5.25;5.17;0;0;0 / 0;0;0;1;0;2020-21
Paleari;GEN;3;6.17;5.17;0;3;0 / 0;0;0;0;0;2020-21
Baldursson;BOL;5;0.53;0.51;0;0;0 / 0;0;0;2;0;2020-21
Audero;SAM;37;6.35;5.08;0;54;0 / 0;2;1;0;0;2020-21
Marrone;CRO;19;5.37;5.05;0;0;0 / 0;0;0;8;0;2020-21
Iacoponi;PAR;15;5.47;5.03;0;0;0 / 0;0;0;3;1;2020-21
Ujkani;TOR;1;0.6;0.5;0;1;0 / 0;0;0;0;0;2020-21
Maggio;BEN;6;5.17;0.5;0;0;0 / 0;0;0;2;0;2020-21
Padelli;INT;1;0.6;0.5;0;1;0 / 0;0;0;0;0;2020-21
Tupta;VER;1;0.5;0.5;0;0;0 / 0;0;0;0;0;2020-21
Pinsoglio;JUV;1;0.6;0.5;0;1;0 / 0;0;0;0;0;2020-21
Vicario;CAG;4;0.65;0.5;0;6;0 / 0;0;0;0;0;2020-21
Piccini;ATA;1;0.5;0.5;0;0;0 / 0;0;0;0;0;2020-21
Onguene';GEN;3;0.5;0.5;0;0;0 / 0;0;0;0;0;2020-21
Traore' C.;PAR;1;0.5;0.5;0;0;0 / 0;0;0;0;0;2020-21
Kosznovszky;PAR;1;0.5;0.5;0;0;0 / 0;0;0;0;0;2020-21
Sportiello;ATA;15;6.13;4.93;0;21;0 / 0;1;0;0;0;2020-21
Consigli;SAS;37;6.34;4.89;0;56;0 / 0;1;0;1;0;2020-21
Dragowski;FIO;36;6.22;4.86;0;55;0 / 0;2;0;0;0;2020-21
Cragno;CAG;34;6.41;4.84;0;53;0 / 0;0;0;1;0;2020-21
Perin;GEN;32;6.25;4.83;0;44;0 / 0;0;0;1;1;2020-21
Meret;NAP;22;6.14;4.82;0;29;0 / 0;0;0;0;0;2020-21
Silvestri;VER;34;6.12;4.81;0;42;0 / 0;0;0;1;0;2020-21
Milinkovic-Savic V.;TOR;5;0.6;0.48;0;6;0 / 0;0;0;0;0;2020-21
Fuzato;ROM;5;0.62;0.48;0;7;0 / 0;0;0;0;0;2020-21
Mirante;ROM;13;6.04;4.73;0;19;0 / 0;1;0;2;0;2020-21
Skorupski;BOL;28;6.16;4.71;0;46;0 / 0;2;0;1;0;2020-21
Pau Lopez;ROM;21;6.05;4.67;0;29;0 / 0;0;0;0;0;2020-21
Reina;LAZ;29;6.09;4.66;0;41;0 / 0;0;0;1;0;2020-21
Pandur;VER;4;6.12;4.62;0;6;0 / 0;0;0;0;0;2020-21
Musso;UDI;35;0.61;4.57;0;51;0 / 0;0;0;5;0;2020-21
Palumbo;UDI;1;0.45;0.45;0;0;0 / 0;0;0;0;0;2020-21
Strakosha;LAZ;9;6.06;4.44;0;14;0 / 0;0;0;1;0;2020-21
Provedel;SPE;29;6.1;4.29;0;55;0 / 0;1;0;1;0;2020-21
Zoet;SPE;7;0.6;4.21;0;12;0 / 0;0;0;1;0;2020-21
Sirigu;TOR;32;6.02;4.08;0;62;0 / 0;0;0;0;0;2020-21
Mazzotta;CRO;1;0.45;0.4;0;0;0 / 0;0;0;1;0;2020-21
Manfredini;BEN;1;0.5;0.4;0;1;0 / 0;0;0;0;0;2020-21
Montipo';BEN;37;6.01;0.4;0;74;0 / 0;1;0;3;0;2020-21
Sepe;PAR;36;5.99;3.88;0;76;0 / 0;0;0;0;0;2020-21
Da Costa;BOL;6;0.55;3.83;0;9;0 / 0;0;0;2;0;2020-21
Cordaz;CRO;36;6.15;3.61;0;91;0 / 0;0;0;1;0;2020-21
Ravaglia F.;BOL;4;5.88;3.38;0;10;0 / 0;0;0;0;0;2020-21
Marchetti;GEN;4;5.88;3.12;0;11;0 / 0;0;0;0;0;2020-21
Scuffet;UDI;1;0.5;0.3;0;2;0 / 0;0;0;0;0;2020-21
Nicolas;UDI;2;0.55;0.3;0;5;0 / 0;0;0;0;0;2020-21
Colombi;PAR;2;6.25;2.75;0;7;0 / 0;0;0;0;0;2020-21
Regini;SAM;1;0.45;0.25;0;0;0 / 0;0;0;0;0;2020-21
Tatarusanu;MIL;1;0.45;0.15;0;3;0 / 0;0;0;0;0;2020-21
Radunovic;ATA;0;0.0;0.0;0;0;0 / 0;0;0;0;0;2020-21
Sarr M.;BOL;0;0.0;0.0;0;0;0 / 0;0;0;0;0;2020-21
Spolli;CRO;0;0.0;0.0;0;0;0 / 0;0;0;0;0;2020-21
Babacar;SAS;0;0.0;0.0;0;0;0 / 0;0;0;0;0;2020-21
Donnarumma An.;MIL;0;0.0;0.0;0;0;0 / 0;0;0;0;0;2020-21
Laxalt;MIL;0;0.0;0.0;0;0;0 / 0;0;0;0;0;2020-21
Perotti;ROM;0;0.0;0.0;0;0;0 / 0;0;0;0;0;2020-21
Khedira;JUV;0;0.0;0.0;0;0;0 / 0;0;0;0;0;2020-21
Allan;NAP;0;0.0;0.0;0;0;0 / 0;0;0;0;0;2020-21
Higuain;JUV;0;0.0;0.0;0;0;0 / 0;0;0;0;0;2020-21
Florenzi;ROM;0;0.0;0.0;0;0;0 / 0;0;0;0;0;2020-21
Antei;BEN;0;0.0;0.0;0;0;0 / 0;0;0;0;0;2020-21
Gazzola;PAR;0;0.0;0.0;0;0;0 / 0;0;0;0;0;2020-21
Benassi;VER;0;0.0;0.0;0;0;0 / 0;0;0;0;0;2020-21
Badu;VER;0;0.0;0.0;0;0;0 / 0;0;0;0;0;2020-21
Alastra;PAR;0;0.0;0.0;0;0;0 / 0;0;0;0;0;2020-21
Donsah;BOL;0;0.0;0.0;0;0;0 / 0;0;0;0;0;2020-21
Perisan;UDI;0;0.0;0.0;0;0;0 / 0;0;0;0;0;2020-21
Kragl;BEN;0;0.0;0.0;0;0;0 / 0;0;0;0;0;2020-21
Adjapong;SAS;0;0.0;0.0;0;0;0 / 0;0;0;0;0;2020-21
Pajac;CAG;0;0.0;0.0;0;0;0 / 0;0;0;0;0;2020-21
Zima L.;GEN;0;0.0;0.0;0;0;0 / 0;0;0;0;0;2020-21
Aresti;CAG;0;0.0;0.0;0;0;0 / 0;0;0;0;0;2020-21
Schick;ROM;0;0.0;0.0;0;0;0 / 0;0;0;0;0;2020-21
Lukaku J.;LAZ;0;0.0;0.0;0;0;0 / 0;0;0;0;0;2020-21
Wallace;LAZ;0;0.0;0.0;0;0;0 / 0;0;0;0;0;2020-21
Milik;NAP;0;0.0;0.0;0;0;0 / 0;0;0;0;0;2020-21
Ricci F.;SAS;0;0.0;0.0;0;0;0 / 0;0;0;0;0;2020-21
Cristoforo;FIO;0;0.0;0.0;0;0;0 / 0;0;0;0;0;2020-21
Kiyine;LAZ;0;0.0;0.0;0;0;0 / 0;0;0;0;0;2020-21
Castagne;ATA;0;0.0;0.0;0;0;0 / 0;0;0;0;0;2020-21
Under;ROM;0;0.0;0.0;0;0;0 / 0;0;0;0;0;2020-21
Jaroszynski;GEN;0;0.0;0.0;0;0;0 / 0;0;0;0;0;2020-21
Del Pinto;BEN;0;0.0;0.0;0;0;0 / 0;0;0;0;0;2020-21
Romagna;SAS;0;0.0;0.0;0;0;0 / 0;0;0;0;0;2020-21
Dalbert;INT;0;0.0;0.0;0;0;0 / 0;0;0;0;0;2020-21
Rossi F.;ATA;0;0.0;0.0;0;0;0 / 0;0;0;0;0;2020-21
Stepinski;VER;0;0.0;0.0;0;0;0 / 0;0;0;0;0;2020-21
El Yamiq;GEN;0;0.0;0.0;0;0;0 / 0;0;0;0;0;2020-21
Sanogo;BEN;0;0.0;0.0;0;0;0 / 0;0;0;0;0;2020-21
Zaniolo;ROM;0;0.0;0.0;0;0;0 / 0;0;0;0;0;2020-21
Proto;LAZ;0;0.0;0.0;0;0;0 / 0;0;0;0;0;2020-21
Younes;NAP;0;0.0;0.0;0;0;0 / 0;0;0;0;0;2020-21
Kluivert;ROM;0;0.0;0.0;0;0;0 / 0;0;0;0;0;2020-21
Rosati;FIO;0;0.0;0.0;0;0;0 / 0;0;0;0;0;2020-21
Dini;PAR;0;0.0;0.0;0;0;0 / 0;0;0;0;0;2020-21
Kingsley;BOL;0;0.0;0.0;0;0;0 / 0;0;0;0;0;2020-21
Contini;NAP;0;0.0;0.0;0;0;0 / 0;0;0;0;0;2020-21
Frattesi;SAS;0;0.0;0.0;0;0;0 / 0;0;0;0;0;2020-21
Riccardi;ROM;0;0.0;0.0;0;0;0 / 0;0;0;0;0;2020-21
Bradaric F.;CAG;0;0.0;0.0;0;0;0 / 0;0;0;0;0;2020-21
Aina;TOR;0;0.0;0.0;0;0;0 / 0;0;0;0;0;2020-21
Troost-Ekong;UDI;0;0.0;0.0;0;0;0 / 0;0;0;0;0;2020-21
Teodorczyk;UDI;0;0.0;0.0;0;0;0 / 0;0;0;0;0;2020-21
Paqueta';MIL;0;0.0;0.0;0;0;0 / 0;0;0;0;0;2020-21
Despodov;CAG;0;0.0;0.0;0;0;0 / 0;0;0;0;0;2020-21
Nicolussi Caviglia;PAR;0;0.0;0.0;0;0;0 / 0;0;0;0;0;2020-21
Brancolini;FIO;0;0.0;0.0;0;0;0 / 0;0;0;0;0;2020-21
Montiel;FIO;0;0.0;0.0;0;0;0 / 0;0;0;0;0;2020-21
Corbo;BOL;0;0.0;0.0;0;0;0 / 0;0;0;0;0;2020-21
Armini;LAZ;0;0.0;0.0;0;0;0 / 0;0;0;0;0;2020-21
Jagiello;GEN;0;0.0;0.0;0;0;0 / 0;0;0;0;0;2020-21
Adorante;PAR;0;0.0;0.0;0;0;0 / 0;0;0;0;0;2020-21
Adekanye;LAZ;0;0.0;0.0;0;0;0 / 0;0;0;0;0;2020-21
Bocchetti;VER;0;0.0;0.0;0;0;0 / 0;0;0;0;0;2020-21
Jony;LAZ;0;0.0;0.0;0;0;0 / 0;0;0;0;0;2020-21
Carnesecchi;ATA;0;0.0;0.0;0;0;0 / 0;0;0;0;0;2020-21
Pinna;CAG;0;0.0;0.0;0;0;0 / 0;0;0;0;0;2020-21
Esposito;INT;0;0.0;0.0;0;0;0 / 0;0;0;0;0;2020-21
Ferigra;TOR;0;0.0;0.0;0;0;0 / 0;0;0;0;0;2020-21
Rauti;TOR;0;0.0;0.0;0;0;0 / 0;0;0;0;0;2020-21
Henderson L.;VER;0;0.0;0.0;0;0;0 / 0;0;0;0;0;2020-21
Schone;GEN;0;0.0;0.0;0;0;0 / 0;0;0;0;0;2020-21
Avogadri;SAM;0;0.0;0.0;0;0;0 / 0;0;0;0;0;2020-21
Ankersen;GEN;0;0.0;0.0;0;0;0 / 0;0;0;0;0;2020-21
Turati;SAS;0;0.0;0.0;0;0;0 / 0;0;0;0;0;2020-21
Breza;BOL;0;0.0;0.0;0;0;0 / 0;0;0;0;0;2020-21
Bellanova;ATA;0;0.0;0.0;0;0;0 / 0;0;0;0;0;2020-21
Maldini;MIL;0;0.0;0.0;0;0;0 / 0;0;0;0;0;2020-21
Pirola;INT;0;0.0;0.0;0;0;0 / 0;0;0;0;0;2020-21
Prodl;UDI;0;0.0;0.0;0;0;0 / 0;0;0;0;0;2020-21
Ciocci;CAG;0;0.0;0.0;0;0;0 / 0;0;0;0;0;2020-21
Ladinetti;CAG;0;0.0;0.0;0;0;0 / 0;0;0;0;0;2020-21
Moro;LAZ;0;0.0;0.0;0;0;0 / 0;0;0;0;0;2020-21
Gagliano;CAG;0;0.0;0.0;0;0;0 / 0;0;0;0;0;2020-21
Dalle Mura;FIO;0;0.0;0.0;0;0;0 / 0;0;0;0;0;2020-21
Gori P.;BEN;0;0.0;0.0;0;0;0 / 0;0;0;0;0;2020-21
Volta;BEN;0;0.0;0.0;0;0;0 / 0;0;0;0;0;2020-21
Gigliotti;CRO;0;0.0;0.0;0;0;0 / 0;0;0;0;0;2020-21
Mustacchio;CRO;0;0.0;0.0;0;0;0 / 0;0;0;0;0;2020-21
Vagiannidis;INT;0;0.0;0.0;0;0;0 / 0;0;0;0;0;2020-21
Ravaglia;SAM;0;0.0;0.0;0;0;0 / 0;0;0;0;0;2020-21
Desjardins;SPE;0;0.0;0.0;0;0;0 / 0;0;0;0;0;2020-21
Krapikas;SPE;0;0.0;0.0;0;0;0 / 0;0;0;0;0;2020-21
Gudjohnsen;SPE;0;0.0;0.0;0;0;0 / 0;0;0;0;0;2020-21
Asoro;GEN;0;0.0;0.0;0;0;0 / 0;0;0;0;0;2020-21
Ake' M.;JUV;0;0.0;0.0;0;0;0 / 0;0;0;0;0;2020-21
Luvumbo;CAG;0;0.0;0.0;0;0;0 / 0;0;0;0;0;2020-21
Males;GEN;0;0.0;0.0;0;0;0 / 0;0;0;0;0;2020-21
Boer;ROM;0;0.0;0.0;0;0;0 / 0;0;0;0;0;2020-21
Alia;LAZ;0;0.0;0.0;0;0;0 / 0;0;0;0;0;2020-21
Amione;VER;0;0.0;0.0;0;0;0 / 0;0;0;0;0;2020-21
Basit;BEN;0;0.0;0.0;0;0;0 / 0;0;0;0;0;2020-21
Gasparini;UDI;0;0.0;0.0;0;0;0 / 0;0;0;0;0;2020-21
Rinaldi;PAR;0;0.0;0.0;0;0;0 / 0;0;0;0;0;2020-21
Farelli;ROM;0;0.0;0.0;0;0;0 / 0;0;0;0;0;2020-21
Rabbi;BOL;0;0.0;0.0;0;0;0 / 0;0;0;0;0;2020-21
Dragusin;JUV;0;0.0;0.0;0;0;0 / 0;0;0;0;0;2020-21
Kovalenko;ATA;0;0.0;0.0;0;0;0 / 0;0;0;0;0;2020-21
Di Pardo;JUV;0;0.0;0.0;0;0;0 / 0;0;0;0;0;2020-21
Ghislandi;ATA;0;0.0;0.0;0;0;0 / 0;0;0;0;0;2020-21
Karamoko Is.;SAS;0;0.0;0.0;0;0;0 / 0;0;0;0;0;2020-21
Correia;JUV;0;0.0;0.0;0;0;0 / 0;0;0;0;0;2020-21
Bove;ROM;0;0.0;0.0;0;0;0 / 0;0;0;0;0;2020-21
Amey;BOL;0;0.0;0.0;0;0;0 / 0;0;0;0;0;2020-21
Urbanski;BOL;0;0.0;0.0;0;0;0 / 0;0;0;0;0;2020-21
Raimondo;BOL;0;0.0;0.0;0;0;0 / 0;0;0;0;0;2020-21
Kallon;GEN;0;0.0;0.0;0;0;0 / 0;0;0;0;0;2020-21
Diambo;BEN;0;0.0;0.0;0;0;0 / 0;0;0;0;0;2020-21
